date,locality_mentioned,lat,lon,ward_name,ward_gid,severity,source,notes
2019-07-02,,18.92315,72.825,A,1,0,no news mention found (negative example),No flooding reported for this ward in the 1-2 July 2019 event based on available sources
2019-07-02,,18.95636,72.84014,B,2,0,no news mention found (negative example),No flooding reported for this ward in the 1-2 July 2019 event based on available sources
2019-07-02,,18.95111,72.82737,C,3,0,no news mention found (negative example),No flooding reported for this ward in the 1-2 July 2019 event based on available sources
2019-07-02,,18.96234,72.81005,D,4,0,no news mention found (negative example),No flooding reported for this ward in the 1-2 July 2019 event based on available sources
2019-07-02,,18.97398,72.8365,E,5,0,no news mention found (negative example),No flooding reported for this ward in the 1-2 July 2019 event based on available sources
2019-07-02,,18.99838,72.84931,F/S,6,0,no news mention found (negative example),No flooding reported for this ward in the 1-2 July 2019 event based on available sources
2019-07-02,,18.99828,72.82175,G/S,7,0,no news mention found (negative example),No flooding reported for this ward in the 1-2 July 2019 event based on available sources
2019-07-02,Dadar,19.0176,72.844,F/N,8,2,Quartz India,"Wall collapse injured 3; waterlogging reported, rail tracks submerged nearby"
2019-07-02,Chunabhatti,19.027,72.872,F/N,8,2,FloodList (Central Railway advisory),Low-lying pocket; rail section flooded near here
2019-07-02,Sion,19.04,72.862,F/N,8,2,FloodList (Central Railway advisory),"Kurla-Sion/Chunabhatti rail section submerged, chronic flood zone"
2019-07-02,Hindmata,19.0184,72.837,G/N,9,2,Mongabay/general 2019 monsoon coverage,Chronic waterlogging hotspot in Dadar; flooded during the event
2019-07-02,,19.08709,72.92531,N,10,0,no news mention found (negative example),No flooding reported for this ward in the 1-2 July 2019 event based on available sources
2019-07-02,,19.23125,72.84299,R/C,11,0,no news mention found (negative example),No flooding reported for this ward in the 1-2 July 2019 event based on available sources
2019-07-02,,19.13288,72.92944,S,12,0,no news mention found (negative example),No flooding reported for this ward in the 1-2 July 2019 event based on available sources
2019-07-02,,19.17246,72.93,T,13,0,no news mention found (negative example),No flooding reported for this ward in the 1-2 July 2019 event based on available sources
2019-07-02,,19.12625,72.8274,K/W,14,0,no news mention found (negative example),No flooding reported for this ward in the 1-2 July 2019 event based on available sources
2019-07-02,,19.25233,72.85981,R/N,15,0,no news mention found (negative example),No flooding reported for this ward in the 1-2 July 2019 event based on available sources
2019-07-02,,19.03858,72.92471,M/E,16,0,no news mention found (negative example),No flooding reported for this ward in the 1-2 July 2019 event based on available sources
2019-07-02,,19.0354,72.8936,M/W,17,0,no news mention found (negative example),No flooding reported for this ward in the 1-2 July 2019 event based on available sources
2019-07-02,Santacruz,19.0825,72.842,H/E,18,3,FloodList,"375.2mm rain in 24hr to 2 July, highest daily total for Mumbai in 14 years per IMD"
2019-07-02,,19.11383,72.86549,K/E,19,0,no news mention found (negative example),No flooding reported for this ward in the 1-2 July 2019 event based on available sources
2019-07-02,,19.15845,72.85737,P/S,20,0,no news mention found (negative example),No flooding reported for this ward in the 1-2 July 2019 event based on available sources
2019-07-02,Malad East,19.1875,72.8489,P/N,21,3,FloodList/Al Jazeera/Gulf News,"Deadly wall collapse on slum hillside during night of 1-2 July; 18-24 killed, worst single incident of the event"
2019-07-02,,19.20448,72.86,R/S,22,0,no news mention found (negative example),No flooding reported for this ward in the 1-2 July 2019 event based on available sources
2019-07-02,,19.06496,72.8314,H/W,23,0,no news mention found (negative example),No flooding reported for this ward in the 1-2 July 2019 event based on available sources
2019-07-02,Kurla,19.0728,72.8826,L,24,3,FloodList,~1000 people pre-emptively evacuated due to overflowing Mithi river
