date,locality_mentioned,lat,lon,ward_name,ward_gid,severity,source,notes,rainfall_mm_mumbai_avg,soil_moisture_m3m3_mumbai_avg,land_surface_temp_c_mumbai_avg,rain_2day_sum,rain_3day_sum,rain_prev_day,rain_next_day,elevation_conditioned_m_mean,elevation_conditioned_m_min,elevation_conditioned_m_max,elevation_raw_m_mean,elevation_raw_m_min,elevation_raw_m_max,flow_accumulation_mean,flow_accumulation_min,flow_accumulation_max,twi_mean,twi_min,twi_max
2005-07-26,,18.92314,72.825,A,1,0,no news mention found (negative example),No flooding reported for this ward in the 26 July 2005 event based on available sources,9.35612177848816,0.423941038,25.0204043,19.444698691368103,28.894713878631592,10.088576912879944,546.4302291870117,9.72068743994803,7.669999999999977e-10,45.0,9.650979762287182,-19.0,45.0,0.0138456783913509,0.0002777777845039,5.255277633666992,10.450286600546097,4.1537861824035645,64.39102172851562
2005-07-26,,18.95636,72.84014,B,2,0,no news mention found (negative example),No flooding reported for this ward in the 26 July 2005 event based on available sources,9.35612177848816,0.423941038,25.0204043,19.444698691368103,28.894713878631592,10.088576912879944,546.4302291870117,8.48442789440427,6.149999999999982e-10,29.0,8.532498307379823,-24.0,29.0,0.0104016211683393,0.0002777777845039,0.5577777624130249,8.070321756516588,4.76870584487915,41.16131591796875
2005-07-26,,18.95111,72.82737,C,3,0,no news mention found (negative example),No flooding reported for this ward in the 26 July 2005 event based on available sources,9.35612177848816,0.423941038,25.0204043,19.444698691368103,28.894713878631592,10.088576912879944,546.4302291870117,11.207414359472684,1.622000000000066e-09,20.0,11.09854528390427,-1.0,20.0,0.0134729388061122,0.0002777777845039,0.4699999988079071,8.910906887904739,4.8634138107299805,42.02223205566406
2005-07-26,Tardeo,18.969,72.814,D,4,2,JETIR2208111,Chronic flooding area; flooded 26 July,9.35612177848816,0.423941038,25.0204043,19.444698691368103,28.894713878631592,10.088576912879944,546.4302291870117,18.354993983312426,1.3140000000000354e-09,76.0,18.416912810414612,-2.0,76.0,0.1038200195632999,0.0002777777845039,74.25389099121094,8.250982865660212,3.7623989582061768,46.0543098449707
2005-07-26,Lalbaug,18.9825,72.833,E,5,2,JETIR2208111,Chronic flooding area even in normal monsoons; flooded 26 July,9.35612177848816,0.423941038,25.0204043,19.444698691368103,28.894713878631592,10.088576912879944,546.4302291870117,9.571393188862322,5.519999999999983e-10,43.0,9.584767801857586,-1.0,43.0,0.01216893624226,0.0002777777845039,1.054444432258606,8.178764512383902,4.5740065574646,44.15143203735352
2005-07-26,Parel,18.993,72.8397,F/S,6,2,JETIR2208111,Chronic flooding area; flooded 26 July,9.35612177848816,0.423941038,25.0204043,19.444698691368103,28.894713878631592,10.088576912879944,546.4302291870117,9.752663482740658,5.249999999999985e-10,36.0,9.801065393093314,-2.0,36.0,0.0085408507157212,0.0002777777845039,1.690000057220459,7.901090219737325,4.88426399230957,43.49031448364258
2005-07-26,,18.99828,72.82175,G/S,7,0,no news mention found (negative example),No flooding reported for this ward in the 26 July 2005 event based on available sources,9.35612177848816,0.423941038,25.0204043,19.444698691368103,28.894713878631592,10.088576912879944,546.4302291870117,7.63929987462029,3.0349999999999652e-09,49.0,7.647036070012572,-6.0,49.0,0.1080325688929383,0.0002777777845039,33.25638961791992,9.88076588337685,4.125060081481934,63.93318939208984
2005-07-26,Chunabhatti,19.027,72.872,F/N,8,2,mukundsathe.com (BMC records),Low-lying pocket; waterlogging halted traffic,9.35612177848816,0.423941038,25.0204043,19.444698691368103,28.894713878631592,10.088576912879944,546.4302291870117,6.920208089147393,5.119999999999984e-10,43.0,6.780260844079718,-19.0,43.0,0.0761020119276862,0.0002777777845039,10.162500381469728,8.322064130275498,4.229712009429932,45.286903381347656
2005-07-26,Dadar TT,19.0176,72.844,F/N,8,2,JETIR2208111,Chronic flooding area (TT Circle); flooded 26 July,9.35612177848816,0.423941038,25.0204043,19.444698691368103,28.894713878631592,10.088576912879944,546.4302291870117,6.920208089147393,5.119999999999984e-10,43.0,6.780260844079718,-19.0,43.0,0.0761020119276862,0.0002777777845039,10.162500381469728,8.322064130275498,4.229712009429932,45.286903381347656
2005-07-26,Sion,19.04,72.862,F/N,8,3,mukundsathe.com/JETIR,Low-lying pocket; severe waterlogging and traffic standstill,9.35612177848816,0.423941038,25.0204043,19.444698691368103,28.894713878631592,10.088576912879944,546.4302291870117,6.920208089147393,5.119999999999984e-10,43.0,6.780260844079718,-19.0,43.0,0.0761020119276862,0.0002777777845039,10.162500381469728,8.322064130275498,4.229712009429932,45.286903381347656
2005-07-26,King Circle,19.027,72.856,F/N,8,2,JETIR2208111,Chronic flooding area (Matunga); flooded 26 July,9.35612177848816,0.423941038,25.0204043,19.444698691368103,28.894713878631592,10.088576912879944,546.4302291870117,6.920208089147393,5.119999999999984e-10,43.0,6.780260844079718,-19.0,43.0,0.0761020119276862,0.0002777777845039,10.162500381469728,8.322064130275498,4.229712009429932,45.286903381347656
2005-07-26,Dharavi,19.041,72.857,G/N,9,3,Wikipedia/multiple news,Low-lying pocket heavily inundated; slum area along Mithi river banks,9.35612177848816,0.423941038,25.0204043,19.444698691368103,28.894713878631592,10.088576912879944,546.4302291870117,7.619536220143185,3.975999999999968e-09,50.0,7.511697106505233,-8.0,50.0,0.1104297320896072,0.0002777777845039,18.655277252197266,9.32984044736302,3.895554542541504,45.89177703857422
2005-07-26,Hindmata,19.0184,72.837,G/N,9,3,JETIR2208111,Notorious chronic waterlogging spot in Dadar; severe flooding,9.35612177848816,0.423941038,25.0204043,19.444698691368103,28.894713878631592,10.088576912879944,546.4302291870117,7.619536220143185,3.975999999999968e-09,50.0,7.511697106505233,-8.0,50.0,0.1104297320896072,0.0002777777845039,18.655277252197266,9.32984044736302,3.895554542541504,45.89177703857422
2005-07-26,Ghatkopar,19.0857,72.9081,N,10,2,mukundsathe.com (BMC records),Low-lying pocket; waterlogging halted traffic,9.35612177848816,0.423941038,25.0204043,19.444698691368103,28.894713878631592,10.088576912879944,546.4302291870117,11.603912921835526,1.7650000000000802e-09,196.0,11.490970180596388,-10.0,196.0,0.0431937717446822,0.0002777777845039,8.920000076293945,9.164206872112558,3.977274179458618,45.12970352172852
2005-07-26,,19.23125,72.84299,R/C,11,0,no news mention found (negative example),No flooding reported for this ward in the 26 July 2005 event based on available sources,9.35612177848816,0.423941038,25.0204043,19.444698691368103,28.894713878631592,10.088576912879944,546.4302291870117,38.75245708322869,2.60700000000001e-09,315.0,38.7333245970384,-9.0,315.0,0.0543700582284782,0.0002777777845039,7.428055763244629,9.512141499897036,4.11454963684082,63.97616195678711
2005-07-26,Powai,19.1197,72.905,S,12,2,mukundsathe.com,"Powai Lake overflowed at 4pm, discharging ~5.95 million cubic metres into Mithi River",9.35612177848816,0.423941038,25.0204043,19.444698691368103,28.894713878631592,10.088576912879944,546.4302291870117,23.532177694628807,2.1180000000000628e-09,196.0,23.42182828496361,-21.0,196.0,0.0753997645137483,0.0002777777845039,10.123055458068848,9.933440038655514,3.6820685863494873,45.27755355834961
2005-07-26,,19.17246,72.93,T,13,0,no news mention found (negative example),No flooding reported for this ward in the 26 July 2005 event based on available sources,9.35612177848816,0.423941038,25.0204043,19.444698691368103,28.894713878631592,10.088576912879944,546.4302291870117,87.30968201735111,2.1590000000000584e-09,497.0,87.29915945249125,-9.0,497.0,0.0634830668438986,0.0002777777845039,13.811944007873535,10.36066117131658,3.37895131111145,45.41240692138672
2005-07-26,Andheri Subway,19.1197,72.8468,K/W,14,3,general knowledge - chronic BMC flood spot list,"Chronic subway flood spot, submerged",9.35612177848816,0.423941038,25.0204043,19.444698691368103,28.894713878631592,10.088576912879944,546.4302291870117,8.642681989807611,2.0530000000000693e-09,43.0,8.681660139808953,-10.0,43.0,0.1349917072784375,0.0002777777845039,29.560277938842773,9.374800991838375,4.275328159332275,46.003936767578125
2005-07-26,,19.25233,72.85981,R/N,15,0,no news mention found (negative example),No flooding reported for this ward in the 26 July 2005 event based on available sources,9.35612177848816,0.423941038,25.0204043,19.444698691368103,28.894713878631592,10.088576912879944,546.4302291870117,25.070700031756413,2.7639999999999934e-09,262.0,25.02603737725689,-5.0,262.0,0.0924558613547276,0.0002777777845039,8.758055686950684,8.66278409090909,4.312486171722412,45.119415283203125
2005-07-26,,19.03858,72.92471,M/E,16,0,no news mention found (negative example),No flooding reported for this ward in the 26 July 2005 event based on available sources,9.35612177848816,0.423941038,25.0204043,19.444698691368103,28.894713878631592,10.088576912879944,546.4302291870117,32.15119630242132,3.629999999999991e-10,305.0,32.13607939097336,-11.0,305.0,0.0259314997031547,0.0002777777845039,4.688055515289307,8.117498470636216,2.473655462265014,44.49699020385742
2005-07-26,Chembur,19.0522,72.9005,M/W,17,2,mukundsathe.com (BMC records),Low-lying pocket; waterlogging halted traffic,9.35612177848816,0.423941038,25.0204043,19.444698691368103,28.894713878631592,10.088576912879944,546.4302291870117,6.791317829510579,4.0199999999999887e-10,49.0,6.696640826873385,-20.0,49.0,0.0399525976057816,0.0002777777845039,10.841666221618652,9.951120801033593,4.123074531555176,44.93202972412109
2005-07-26,Kalina,19.0728,72.848,H/E,18,3,Mumbai Marooned (Concerned Citizens' Commission enquiry),Corporator resigned over lack of flood response; 25-30 bodies reported on one road nearby,9.35612177848816,0.423941038,25.0204043,19.444698691368103,28.894713878631592,10.088576912879944,546.4302291870117,6.583906714018328,4.117000000000011e-09,36.0,6.182153979865285,-26.0,36.0,0.1843068450333164,0.0002777777845039,17.174999237060547,9.893443995799233,4.435847282409668,45.62385177612305
2005-07-26,Milan Subway,19.0825,72.842,H/E,18,3,mukundsathe.com (BMC records),"Subway near Santacruz; chronic flood spot, submerged",9.35612177848816,0.423941038,25.0204043,19.444698691368103,28.894713878631592,10.088576912879944,546.4302291870117,6.583906714018328,4.117000000000011e-09,36.0,6.182153979865285,-26.0,36.0,0.1843068450333164,0.0002777777845039,17.174999237060547,9.893443995799233,4.435847282409668,45.62385177612305
2005-07-26,Bandra-Kurla Complex,19.0662,72.8676,H/E,18,3,Wikipedia/multiple news,Built on reclaimed mangrove/swamp land along Mithi river; heavily submerged,9.35612177848816,0.423941038,25.0204043,19.444698691368103,28.894713878631592,10.088576912879944,546.4302291870117,6.583906714018328,4.117000000000011e-09,36.0,6.182153979865285,-26.0,36.0,0.1843068450333164,0.0002777777845039,17.174999237060547,9.893443995799233,4.435847282409668,45.62385177612305
2005-07-26,Santacruz,19.0825,72.842,H/E,18,3,Wikipedia,IMD Santacruz observatory recorded the record 944mm/24hr rainfall here,9.35612177848816,0.423941038,25.0204043,19.444698691368103,28.894713878631592,10.088576912879944,546.4302291870117,6.583906714018328,4.117000000000011e-09,36.0,6.182153979865285,-26.0,36.0,0.1843068450333164,0.0002777777845039,17.174999237060547,9.893443995799233,4.435847282409668,45.62385177612305
2005-07-26,,19.11382,72.86549,K/E,19,0,no news mention found (negative example),No flooding reported for this ward in the 26 July 2005 event based on available sources,9.35612177848816,0.423941038,25.0204043,19.444698691368103,28.894713878631592,10.088576912879944,546.4302291870117,22.137003264665417,5.0,93.0,22.09343690194754,-15.0,93.0,0.0465221966877274,0.0002777777845039,11.135833740234377,8.11968085106383,4.645076274871826,45.37880325317383
2005-07-26,,19.15845,72.85737,P/S,20,0,no news mention found (negative example),No flooding reported for this ward in the 26 July 2005 event based on available sources,9.35612177848816,0.423941038,25.0204043,19.444698691368103,28.894713878631592,10.088576912879944,546.4302291870117,28.69013380932713,3.6669999999998965e-09,165.0,28.700802854594112,-11.0,165.0,0.091013516809768,0.0002777777845039,11.958333015441896,8.615129348795717,4.369857311248779,45.4154167175293
2005-07-26,,19.18437,72.82682,P/N,21,0,no news mention found (negative example),No flooding reported for this ward in the 26 July 2005 event based on available sources,9.35612177848816,0.423941038,25.0204043,19.444698691368103,28.894713878631592,10.088576912879944,546.4302291870117,34.10584952895298,2.120000000000062e-09,386.0,34.1469501635559,-9.0,386.0,0.0668086756782759,0.0002777777845039,15.294722557067873,9.944403622282088,4.295476913452148,63.6225814819336
2005-07-26,,19.20448,72.86,R/S,22,0,no news mention found (negative example),No flooding reported for this ward in the 26 July 2005 event based on available sources,9.35612177848816,0.423941038,25.0204043,19.444698691368103,28.894713878631592,10.088576912879944,546.4302291870117,45.09061504538087,2.6050000000000108e-09,371.0,44.99701053663318,-6.0,371.0,0.0488991417449001,0.0002777777845039,7.613611221313477,8.699612533692722,4.15839433670044,45.11293029785156
2005-07-26,,19.06496,72.8314,H/W,23,0,no news mention found (negative example),No flooding reported for this ward in the 26 July 2005 event based on available sources,9.35612177848816,0.423941038,25.0204043,19.444698691368103,28.894713878631592,10.088576912879944,546.4302291870117,11.594104760148362,3.737999999999895e-09,50.0,11.675562636924916,-3.0,50.0,0.0136108641557023,0.0002777777845039,18.63361167907715,8.048580337582155,4.594971656799316,44.231441497802734
2005-07-26,Kurla,19.0728,72.8826,L,24,3,Question of Cities (survivor account),"Among worst affected; residents recall corpses floating, waist-deep water",9.35612177848816,0.423941038,25.0204043,19.444698691368103,28.894713878631592,10.088576912879944,546.4302291870117,16.679339411671368,1.999999999999,192.0,16.558747634612075,-8.0,192.0,0.0829140005653635,0.0002777777845039,12.256667137145996,9.001885142496702,3.7383975982666016,45.42776870727539
2017-08-29,,18.92315,72.825,A,1,0,no news mention found (negative example),No flooding reported for this ward in the 29 Aug 2017 event based on available sources,121.9788303375244,0.4275161749999999,25.1040713,194.8398332595825,256.90156078338623,72.8610029220581,158.3501205444336,9.72068743994803,7.669999999999977e-10,45.0,9.650979762287182,-19.0,45.0,0.0138456783913509,0.0002777777845039,5.255277633666992,10.450286600546097,4.1537861824035645,64.39102172851562
2017-08-29,,18.95636,72.84014,B,2,0,no news mention found (negative example),No flooding reported for this ward in the 29 Aug 2017 event based on available sources,121.9788303375244,0.4275161749999999,25.1040713,194.8398332595825,256.90156078338623,72.8610029220581,158.3501205444336,8.48442789440427,6.149999999999982e-10,29.0,8.532498307379823,-24.0,29.0,0.0104016211683393,0.0002777777845039,0.5577777624130249,8.070321756516588,4.76870584487915,41.16131591796875
2017-08-29,,18.95111,72.82737,C,3,0,no news mention found (negative example),No flooding reported for this ward in the 29 Aug 2017 event based on available sources,121.9788303375244,0.4275161749999999,25.1040713,194.8398332595825,256.90156078338623,72.8610029220581,158.3501205444336,11.207414359472684,1.622000000000066e-09,20.0,11.09854528390427,-1.0,20.0,0.0134729388061122,0.0002777777845039,0.4699999988079071,8.910906887904739,4.8634138107299805,42.02223205566406
2017-08-29,,18.96234,72.81005,D,4,0,no news mention found (negative example),No flooding reported for this ward in the 29 Aug 2017 event based on available sources,121.9788303375244,0.4275161749999999,25.1040713,194.8398332595825,256.90156078338623,72.8610029220581,158.3501205444336,18.354993983312426,1.3140000000000354e-09,76.0,18.416912810414612,-2.0,76.0,0.1038200195632999,0.0002777777845039,74.25389099121094,8.250982865660212,3.7623989582061768,46.0543098449707
2017-08-29,Byculla,18.975,72.833,E,5,2,Climate Signals,238mm in 24hr,121.9788303375244,0.4275161749999999,25.1040713,194.8398332595825,256.90156078338623,72.8610029220581,158.3501205444336,9.571393188862322,5.519999999999983e-10,43.0,9.584767801857586,-1.0,43.0,0.01216893624226,0.0002777777845039,1.054444432258606,8.178764512383902,4.5740065574646,44.15143203735352
2017-08-29,Parel,18.993,72.8397,F/S,6,2,FloodList,230mm in 5hr window per BMC data; chronic flood zone,121.9788303375244,0.4275161749999999,25.1040713,194.8398332595825,256.90156078338623,72.8610029220581,158.3501205444336,9.752663482740658,5.249999999999985e-10,36.0,9.801065393093314,-2.0,36.0,0.0085408507157212,0.0002777777845039,1.690000057220459,7.901090219737325,4.88426399230957,43.49031448364258
2017-08-29,Worli,19.0176,72.8161,G/S,7,3,Climate Signals,308mm in 24hr; coastal western seaboard area heavily inundated,121.9788303375244,0.4275161749999999,25.1040713,194.8398332595825,256.90156078338623,72.8610029220581,158.3501205444336,7.63929987462029,3.0349999999999652e-09,49.0,7.647036070012572,-6.0,49.0,0.1080325688929383,0.0002777777845039,33.25638961791992,9.88076588337685,4.125060081481934,63.93318939208984
2017-08-29,Lower Parel,18.996,72.83,G/S,7,2,Grokipedia,Knee-to-waist deep flooding on arterial routes reported,121.9788303375244,0.4275161749999999,25.1040713,194.8398332595825,256.90156078338623,72.8610029220581,158.3501205444336,7.63929987462029,3.0349999999999652e-09,49.0,7.647036070012572,-6.0,49.0,0.1080325688929383,0.0002777777845039,33.25638961791992,9.88076588337685,4.125060081481934,63.93318939208984
2017-08-29,Dadar,19.0176,72.844,F/N,8,2,Grokipedia,Waterlogging and severe traffic gridlock reported,121.9788303375244,0.4275161749999999,25.1040713,194.8398332595825,256.90156078338623,72.8610029220581,158.3501205444336,6.920208089147393,5.119999999999984e-10,43.0,6.780260844079718,-19.0,43.0,0.0761020119276862,0.0002777777845039,10.162500381469728,8.322064130275498,4.229712009429932,45.286903381347656
2017-08-29,Sion,19.04,72.862,F/N,8,3,Grokipedia,Chronic flood zone; waterlogging on Sion-Panvel Highway and streets,121.9788303375244,0.4275161749999999,25.1040713,194.8398332595825,256.90156078338623,72.8610029220581,158.3501205444336,6.920208089147393,5.119999999999984e-10,43.0,6.780260844079718,-19.0,43.0,0.0761020119276862,0.0002777777845039,10.162500381469728,8.322064130275498,4.229712009429932,45.286903381347656
2017-08-29,Matunga,19.027,72.856,F/N,8,3,FloodList,"253mm in 5hr window per BMC data, highest of the reported spots",121.9788303375244,0.4275161749999999,25.1040713,194.8398332595825,256.90156078338623,72.8610029220581,158.3501205444336,6.920208089147393,5.119999999999984e-10,43.0,6.780260844079718,-19.0,43.0,0.0761020119276862,0.0002777777845039,10.162500381469728,8.322064130275498,4.229712009429932,45.286903381347656
2017-08-29,,19.03404,72.84517,G/N,9,0,no news mention found (negative example),No flooding reported for this ward in the 29 Aug 2017 event based on available sources,121.9788303375244,0.4275161749999999,25.1040713,194.8398332595825,256.90156078338623,72.8610029220581,158.3501205444336,7.619536220143185,3.975999999999968e-09,50.0,7.511697106505233,-8.0,50.0,0.1104297320896072,0.0002777777845039,18.655277252197266,9.32984044736302,3.895554542541504,45.89177703857422
2017-08-29,,19.08709,72.92531,N,10,0,no news mention found (negative example),No flooding reported for this ward in the 29 Aug 2017 event based on available sources,121.9788303375244,0.4275161749999999,25.1040713,194.8398332595825,256.90156078338623,72.8610029220581,158.3501205444336,11.603912921835526,1.7650000000000802e-09,196.0,11.490970180596388,-10.0,196.0,0.0431937717446822,0.0002777777845039,8.920000076293945,9.164206872112558,3.977274179458618,45.12970352172852
2017-08-29,Borivali,19.2307,72.8567,R/C,11,2,Climate Signals,262mm in 24hr,121.9788303375244,0.4275161749999999,25.1040713,194.8398332595825,256.90156078338623,72.8610029220581,158.3501205444336,38.75245708322869,2.60700000000001e-09,315.0,38.7333245970384,-9.0,315.0,0.0543700582284782,0.0002777777845039,7.428055763244629,9.512141499897036,4.11454963684082,63.97616195678711
2017-08-29,,19.13288,72.92944,S,12,0,no news mention found (negative example),No flooding reported for this ward in the 29 Aug 2017 event based on available sources,121.9788303375244,0.4275161749999999,25.1040713,194.8398332595825,256.90156078338623,72.8610029220581,158.3501205444336,23.532177694628807,2.1180000000000628e-09,196.0,23.42182828496361,-21.0,196.0,0.0753997645137483,0.0002777777845039,10.123055458068848,9.933440038655514,3.6820685863494873,45.27755355834961
2017-08-29,,19.17246,72.93,T,13,0,no news mention found (negative example),No flooding reported for this ward in the 29 Aug 2017 event based on available sources,121.9788303375244,0.4275161749999999,25.1040713,194.8398332595825,256.90156078338623,72.8610029220581,158.3501205444336,87.30968201735111,2.1590000000000584e-09,497.0,87.29915945249125,-9.0,497.0,0.0634830668438986,0.0002777777845039,13.811944007873535,10.36066117131658,3.37895131111145,45.41240692138672
2017-08-29,Andheri,19.1197,72.8468,K/W,14,3,Climate Signals / Grokipedia,"320mm in 24hr to 6:30pm; subway flooded, WEH gridlocked",121.9788303375244,0.4275161749999999,25.1040713,194.8398332595825,256.90156078338623,72.8610029220581,158.3501205444336,8.642681989807611,2.0530000000000693e-09,43.0,8.681660139808953,-10.0,43.0,0.1349917072784375,0.0002777777845039,29.560277938842773,9.374800991838375,4.275328159332275,46.003936767578125
2017-08-29,Vile Parle,19.097,72.843,K/W,14,2,FloodList,212mm in 5hr window per BMC data,121.9788303375244,0.4275161749999999,25.1040713,194.8398332595825,256.90156078338623,72.8610029220581,158.3501205444336,8.642681989807611,2.0530000000000693e-09,43.0,8.681660139808953,-10.0,43.0,0.1349917072784375,0.0002777777845039,29.560277938842773,9.374800991838375,4.275328159332275,46.003936767578125
2017-08-29,,19.25233,72.85981,R/N,15,0,no news mention found (negative example),No flooding reported for this ward in the 29 Aug 2017 event based on available sources,121.9788303375244,0.4275161749999999,25.1040713,194.8398332595825,256.90156078338623,72.8610029220581,158.3501205444336,25.070700031756413,2.7639999999999934e-09,262.0,25.02603737725689,-5.0,262.0,0.0924558613547276,0.0002777777845039,8.758055686950684,8.66278409090909,4.312486171722412,45.119415283203125
2017-08-29,,19.03858,72.92471,M/E,16,0,no news mention found (negative example),No flooding reported for this ward in the 29 Aug 2017 event based on available sources,121.9788303375244,0.4275161749999999,25.1040713,194.8398332595825,256.90156078338623,72.8610029220581,158.3501205444336,32.15119630242132,3.629999999999991e-10,305.0,32.13607939097336,-11.0,305.0,0.0259314997031547,0.0002777777845039,4.688055515289307,8.117498470636216,2.473655462265014,44.49699020385742
2017-08-29,,19.0354,72.8936,M/W,17,0,no news mention found (negative example),No flooding reported for this ward in the 29 Aug 2017 event based on available sources,121.9788303375244,0.4275161749999999,25.1040713,194.8398332595825,256.90156078338623,72.8610029220581,158.3501205444336,6.791317829510579,4.0199999999999887e-10,49.0,6.696640826873385,-20.0,49.0,0.0399525976057816,0.0002777777845039,10.841666221618652,9.951120801033593,4.123074531555176,44.93202972412109
2017-08-29,Santacruz,19.0825,72.842,H/E,18,3,Climate Signals/FloodList,322mm/212mm reported across sources; IMD Santacruz observatory station,121.9788303375244,0.4275161749999999,25.1040713,194.8398332595825,256.90156078338623,72.8610029220581,158.3501205444336,6.583906714018328,4.117000000000011e-09,36.0,6.182153979865285,-26.0,36.0,0.1843068450333164,0.0002777777845039,17.174999237060547,9.893443995799233,4.435847282409668,45.62385177612305
2017-08-29,Jogeshwari,19.1364,72.8494,K/E,19,2,Deccan Herald,Waterlogging reported on Western Express Highway corridor,121.9788303375244,0.4275161749999999,25.1040713,194.8398332595825,256.90156078338623,72.8610029220581,158.3501205444336,22.137003264665417,5.0,93.0,22.09343690194754,-15.0,93.0,0.0465221966877274,0.0002777777845039,11.135833740234377,8.11968085106383,4.645076274871826,45.37880325317383
2017-08-29,,19.15845,72.85737,P/S,20,0,no news mention found (negative example),No flooding reported for this ward in the 29 Aug 2017 event based on available sources,121.9788303375244,0.4275161749999999,25.1040713,194.8398332595825,256.90156078338623,72.8610029220581,158.3501205444336,28.69013380932713,3.6669999999998965e-09,165.0,28.700802854594112,-11.0,165.0,0.091013516809768,0.0002777777845039,11.958333015441896,8.615129348795717,4.369857311248779,45.4154167175293
2017-08-29,,19.18437,72.82682,P/N,21,0,no news mention found (negative example),No flooding reported for this ward in the 29 Aug 2017 event based on available sources,121.9788303375244,0.4275161749999999,25.1040713,194.8398332595825,256.90156078338623,72.8610029220581,158.3501205444336,34.10584952895298,2.120000000000062e-09,386.0,34.1469501635559,-9.0,386.0,0.0668086756782759,0.0002777777845039,15.294722557067873,9.944403622282088,4.295476913452148,63.6225814819336
2017-08-29,,19.20448,72.86,R/S,22,0,no news mention found (negative example),No flooding reported for this ward in the 29 Aug 2017 event based on available sources,121.9788303375244,0.4275161749999999,25.1040713,194.8398332595825,256.90156078338623,72.8610029220581,158.3501205444336,45.09061504538087,2.6050000000000108e-09,371.0,44.99701053663318,-6.0,371.0,0.0488991417449001,0.0002777777845039,7.613611221313477,8.699612533692722,4.15839433670044,45.11293029785156
2017-08-29,,19.06496,72.8314,H/W,23,0,no news mention found (negative example),No flooding reported for this ward in the 29 Aug 2017 event based on available sources,121.9788303375244,0.4275161749999999,25.1040713,194.8398332595825,256.90156078338623,72.8610029220581,158.3501205444336,11.594104760148362,3.737999999999895e-09,50.0,11.675562636924916,-3.0,50.0,0.0136108641557023,0.0002777777845039,18.63361167907715,8.048580337582155,4.594971656799316,44.231441497802734
2017-08-29,Kurla,19.0728,72.8826,L,24,3,FloodList/Grokipedia,"208mm in 5hr; street flooding, part of low-lying Mithi corridor",121.9788303375244,0.4275161749999999,25.1040713,194.8398332595825,256.90156078338623,72.8610029220581,158.3501205444336,16.679339411671368,1.999999999999,192.0,16.558747634612075,-8.0,192.0,0.0829140005653635,0.0002777777845039,12.256667137145996,9.001885142496702,3.7383975982666016,45.42776870727539
2019-07-02,,18.92315,72.825,A,1,0,no news mention found (negative example),No flooding reported for this ward in the 1-2 July 2019 event based on available sources,236.05078887939453,0.399392698,27.305194,366.5222225189209,494.06454277038574,130.47143363952637,25.173763036727905,9.72068743994803,7.669999999999977e-10,45.0,9.650979762287182,-19.0,45.0,0.0138456783913509,0.0002777777845039,5.255277633666992,10.450286600546097,4.1537861824035645,64.39102172851562
2019-07-02,,18.95636,72.84014,B,2,0,no news mention found (negative example),No flooding reported for this ward in the 1-2 July 2019 event based on available sources,236.05078887939453,0.399392698,27.305194,366.5222225189209,494.06454277038574,130.47143363952637,25.173763036727905,8.48442789440427,6.149999999999982e-10,29.0,8.532498307379823,-24.0,29.0,0.0104016211683393,0.0002777777845039,0.5577777624130249,8.070321756516588,4.76870584487915,41.16131591796875
2019-07-02,,18.95111,72.82737,C,3,0,no news mention found (negative example),No flooding reported for this ward in the 1-2 July 2019 event based on available sources,236.05078887939453,0.399392698,27.305194,366.5222225189209,494.06454277038574,130.47143363952637,25.173763036727905,11.207414359472684,1.622000000000066e-09,20.0,11.09854528390427,-1.0,20.0,0.0134729388061122,0.0002777777845039,0.4699999988079071,8.910906887904739,4.8634138107299805,42.02223205566406
2019-07-02,,18.96234,72.81005,D,4,0,no news mention found (negative example),No flooding reported for this ward in the 1-2 July 2019 event based on available sources,236.05078887939453,0.399392698,27.305194,366.5222225189209,494.06454277038574,130.47143363952637,25.173763036727905,18.354993983312426,1.3140000000000354e-09,76.0,18.416912810414612,-2.0,76.0,0.1038200195632999,0.0002777777845039,74.25389099121094,8.250982865660212,3.7623989582061768,46.0543098449707
2019-07-02,,18.97398,72.8365,E,5,0,no news mention found (negative example),No flooding reported for this ward in the 1-2 July 2019 event based on available sources,236.05078887939453,0.399392698,27.305194,366.5222225189209,494.06454277038574,130.47143363952637,25.173763036727905,9.571393188862322,5.519999999999983e-10,43.0,9.584767801857586,-1.0,43.0,0.01216893624226,0.0002777777845039,1.054444432258606,8.178764512383902,4.5740065574646,44.15143203735352
2019-07-02,,18.99838,72.84931,F/S,6,0,no news mention found (negative example),No flooding reported for this ward in the 1-2 July 2019 event based on available sources,236.05078887939453,0.399392698,27.305194,366.5222225189209,494.06454277038574,130.47143363952637,25.173763036727905,9.752663482740658,5.249999999999985e-10,36.0,9.801065393093314,-2.0,36.0,0.0085408507157212,0.0002777777845039,1.690000057220459,7.901090219737325,4.88426399230957,43.49031448364258
2019-07-02,,18.99828,72.82175,G/S,7,0,no news mention found (negative example),No flooding reported for this ward in the 1-2 July 2019 event based on available sources,236.05078887939453,0.399392698,27.305194,366.5222225189209,494.06454277038574,130.47143363952637,25.173763036727905,7.63929987462029,3.0349999999999652e-09,49.0,7.647036070012572,-6.0,49.0,0.1080325688929383,0.0002777777845039,33.25638961791992,9.88076588337685,4.125060081481934,63.93318939208984
2019-07-02,Dadar,19.0176,72.844,F/N,8,2,Quartz India,"Wall collapse injured 3; waterlogging reported, rail tracks submerged nearby",236.05078887939453,0.399392698,27.305194,366.5222225189209,494.06454277038574,130.47143363952637,25.173763036727905,6.920208089147393,5.119999999999984e-10,43.0,6.780260844079718,-19.0,43.0,0.0761020119276862,0.0002777777845039,10.162500381469728,8.322064130275498,4.229712009429932,45.286903381347656
2019-07-02,Chunabhatti,19.027,72.872,F/N,8,2,FloodList (Central Railway advisory),Low-lying pocket; rail section flooded near here,236.05078887939453,0.399392698,27.305194,366.5222225189209,494.06454277038574,130.47143363952637,25.173763036727905,6.920208089147393,5.119999999999984e-10,43.0,6.780260844079718,-19.0,43.0,0.0761020119276862,0.0002777777845039,10.162500381469728,8.322064130275498,4.229712009429932,45.286903381347656
2019-07-02,Sion,19.04,72.862,F/N,8,2,FloodList (Central Railway advisory),"Kurla-Sion/Chunabhatti rail section submerged, chronic flood zone",236.05078887939453,0.399392698,27.305194,366.5222225189209,494.06454277038574,130.47143363952637,25.173763036727905,6.920208089147393,5.119999999999984e-10,43.0,6.780260844079718,-19.0,43.0,0.0761020119276862,0.0002777777845039,10.162500381469728,8.322064130275498,4.229712009429932,45.286903381347656
2019-07-02,Hindmata,19.0184,72.837,G/N,9,2,Mongabay/general 2019 monsoon coverage,Chronic waterlogging hotspot in Dadar; flooded during the event,236.05078887939453,0.399392698,27.305194,366.5222225189209,494.06454277038574,130.47143363952637,25.173763036727905,7.619536220143185,3.975999999999968e-09,50.0,7.511697106505233,-8.0,50.0,0.1104297320896072,0.0002777777845039,18.655277252197266,9.32984044736302,3.895554542541504,45.89177703857422
2019-07-02,,19.08709,72.92531,N,10,0,no news mention found (negative example),No flooding reported for this ward in the 1-2 July 2019 event based on available sources,236.05078887939453,0.399392698,27.305194,366.5222225189209,494.06454277038574,130.47143363952637,25.173763036727905,11.603912921835526,1.7650000000000802e-09,196.0,11.490970180596388,-10.0,196.0,0.0431937717446822,0.0002777777845039,8.920000076293945,9.164206872112558,3.977274179458618,45.12970352172852
2019-07-02,,19.23125,72.84299,R/C,11,0,no news mention found (negative example),No flooding reported for this ward in the 1-2 July 2019 event based on available sources,236.05078887939453,0.399392698,27.305194,366.5222225189209,494.06454277038574,130.47143363952637,25.173763036727905,38.75245708322869,2.60700000000001e-09,315.0,38.7333245970384,-9.0,315.0,0.0543700582284782,0.0002777777845039,7.428055763244629,9.512141499897036,4.11454963684082,63.97616195678711
2019-07-02,,19.13288,72.92944,S,12,0,no news mention found (negative example),No flooding reported for this ward in the 1-2 July 2019 event based on available sources,236.05078887939453,0.399392698,27.305194,366.5222225189209,494.06454277038574,130.47143363952637,25.173763036727905,23.532177694628807,2.1180000000000628e-09,196.0,23.42182828496361,-21.0,196.0,0.0753997645137483,0.0002777777845039,10.123055458068848,9.933440038655514,3.6820685863494873,45.27755355834961
2019-07-02,,19.17246,72.93,T,13,0,no news mention found (negative example),No flooding reported for this ward in the 1-2 July 2019 event based on available sources,236.05078887939453,0.399392698,27.305194,366.5222225189209,494.06454277038574,130.47143363952637,25.173763036727905,87.30968201735111,2.1590000000000584e-09,497.0,87.29915945249125,-9.0,497.0,0.0634830668438986,0.0002777777845039,13.811944007873535,10.36066117131658,3.37895131111145,45.41240692138672
2019-07-02,,19.12625,72.8274,K/W,14,0,no news mention found (negative example),No flooding reported for this ward in the 1-2 July 2019 event based on available sources,236.05078887939453,0.399392698,27.305194,366.5222225189209,494.06454277038574,130.47143363952637,25.173763036727905,8.642681989807611,2.0530000000000693e-09,43.0,8.681660139808953,-10.0,43.0,0.1349917072784375,0.0002777777845039,29.560277938842773,9.374800991838375,4.275328159332275,46.003936767578125
2019-07-02,,19.25233,72.85981,R/N,15,0,no news mention found (negative example),No flooding reported for this ward in the 1-2 July 2019 event based on available sources,236.05078887939453,0.399392698,27.305194,366.5222225189209,494.06454277038574,130.47143363952637,25.173763036727905,25.070700031756413,2.7639999999999934e-09,262.0,25.02603737725689,-5.0,262.0,0.0924558613547276,0.0002777777845039,8.758055686950684,8.66278409090909,4.312486171722412,45.119415283203125
2019-07-02,,19.03858,72.92471,M/E,16,0,no news mention found (negative example),No flooding reported for this ward in the 1-2 July 2019 event based on available sources,236.05078887939453,0.399392698,27.305194,366.5222225189209,494.06454277038574,130.47143363952637,25.173763036727905,32.15119630242132,3.629999999999991e-10,305.0,32.13607939097336,-11.0,305.0,0.0259314997031547,0.0002777777845039,4.688055515289307,8.117498470636216,2.473655462265014,44.49699020385742
2019-07-02,,19.0354,72.8936,M/W,17,0,no news mention found (negative example),No flooding reported for this ward in the 1-2 July 2019 event based on available sources,236.05078887939453,0.399392698,27.305194,366.5222225189209,494.06454277038574,130.47143363952637,25.173763036727905,6.791317829510579,4.0199999999999887e-10,49.0,6.696640826873385,-20.0,49.0,0.0399525976057816,0.0002777777845039,10.841666221618652,9.951120801033593,4.123074531555176,44.93202972412109
2019-07-02,Santacruz,19.0825,72.842,H/E,18,3,FloodList,"375.2mm rain in 24hr to 2 July, highest daily total for Mumbai in 14 years per IMD",236.05078887939453,0.399392698,27.305194,366.5222225189209,494.06454277038574,130.47143363952637,25.173763036727905,6.583906714018328,4.117000000000011e-09,36.0,6.182153979865285,-26.0,36.0,0.1843068450333164,0.0002777777845039,17.174999237060547,9.893443995799233,4.435847282409668,45.62385177612305
2019-07-02,,19.11383,72.86549,K/E,19,0,no news mention found (negative example),No flooding reported for this ward in the 1-2 July 2019 event based on available sources,236.05078887939453,0.399392698,27.305194,366.5222225189209,494.06454277038574,130.47143363952637,25.173763036727905,22.137003264665417,5.0,93.0,22.09343690194754,-15.0,93.0,0.0465221966877274,0.0002777777845039,11.135833740234377,8.11968085106383,4.645076274871826,45.37880325317383
2019-07-02,,19.15845,72.85737,P/S,20,0,no news mention found (negative example),No flooding reported for this ward in the 1-2 July 2019 event based on available sources,236.05078887939453,0.399392698,27.305194,366.5222225189209,494.06454277038574,130.47143363952637,25.173763036727905,28.69013380932713,3.6669999999998965e-09,165.0,28.700802854594112,-11.0,165.0,0.091013516809768,0.0002777777845039,11.958333015441896,8.615129348795717,4.369857311248779,45.4154167175293
2019-07-02,Malad East,19.1875,72.8489,P/N,21,3,FloodList/Al Jazeera/Gulf News,"Deadly wall collapse on slum hillside during night of 1-2 July; 18-24 killed, worst single incident of the event",236.05078887939453,0.399392698,27.305194,366.5222225189209,494.06454277038574,130.47143363952637,25.173763036727905,34.10584952895298,2.120000000000062e-09,386.0,34.1469501635559,-9.0,386.0,0.0668086756782759,0.0002777777845039,15.294722557067873,9.944403622282088,4.295476913452148,63.6225814819336
2019-07-02,,19.20448,72.86,R/S,22,0,no news mention found (negative example),No flooding reported for this ward in the 1-2 July 2019 event based on available sources,236.05078887939453,0.399392698,27.305194,366.5222225189209,494.06454277038574,130.47143363952637,25.173763036727905,45.09061504538087,2.6050000000000108e-09,371.0,44.99701053663318,-6.0,371.0,0.0488991417449001,0.0002777777845039,7.613611221313477,8.699612533692722,4.15839433670044,45.11293029785156
2019-07-02,,19.06496,72.8314,H/W,23,0,no news mention found (negative example),No flooding reported for this ward in the 1-2 July 2019 event based on available sources,236.05078887939453,0.399392698,27.305194,366.5222225189209,494.06454277038574,130.47143363952637,25.173763036727905,11.594104760148362,3.737999999999895e-09,50.0,11.675562636924916,-3.0,50.0,0.0136108641557023,0.0002777777845039,18.63361167907715,8.048580337582155,4.594971656799316,44.231441497802734
2019-07-02,Kurla,19.0728,72.8826,L,24,3,FloodList,~1000 people pre-emptively evacuated due to overflowing Mithi river,236.05078887939453,0.399392698,27.305194,366.5222225189209,494.06454277038574,130.47143363952637,25.173763036727905,16.679339411671368,1.999999999999,192.0,16.558747634612075,-8.0,192.0,0.0829140005653635,0.0002777777845039,12.256667137145996,9.001885142496702,3.7383975982666016,45.42776870727539
2021-07-18,,18.92315,72.825,A,1,0,no news mention found (negative example),No flooding reported for this ward in the 18 July 2021 event based on available sources,158.0120143890381,0.402079774,27.757611200000003,196.47821807861325,264.05894446372986,38.4662036895752,165.49208068847656,9.72068743994803,7.669999999999977e-10,45.0,9.650979762287182,-19.0,45.0,0.0138456783913509,0.0002777777845039,5.255277633666992,10.450286600546097,4.1537861824035645,64.39102172851562
2021-07-18,,18.95636,72.84014,B,2,0,no news mention found (negative example),No flooding reported for this ward in the 18 July 2021 event based on available sources,158.0120143890381,0.402079774,27.757611200000003,196.47821807861325,264.05894446372986,38.4662036895752,165.49208068847656,8.48442789440427,6.149999999999982e-10,29.0,8.532498307379823,-24.0,29.0,0.0104016211683393,0.0002777777845039,0.5577777624130249,8.070321756516588,4.76870584487915,41.16131591796875
2021-07-18,,18.95111,72.82737,C,3,0,no news mention found (negative example),No flooding reported for this ward in the 18 July 2021 event based on available sources,158.0120143890381,0.402079774,27.757611200000003,196.47821807861325,264.05894446372986,38.4662036895752,165.49208068847656,11.207414359472684,1.622000000000066e-09,20.0,11.09854528390427,-1.0,20.0,0.0134729388061122,0.0002777777845039,0.4699999988079071,8.910906887904739,4.8634138107299805,42.02223205566406
2021-07-18,,18.96234,72.81005,D,4,0,no news mention found (negative example),No flooding reported for this ward in the 18 July 2021 event based on available sources,158.0120143890381,0.402079774,27.757611200000003,196.47821807861325,264.05894446372986,38.4662036895752,165.49208068847656,18.354993983312426,1.3140000000000354e-09,76.0,18.416912810414612,-2.0,76.0,0.1038200195632999,0.0002777777845039,74.25389099121094,8.250982865660212,3.7623989582061768,46.0543098449707
2021-07-18,,18.97398,72.8365,E,5,0,no news mention found (negative example),No flooding reported for this ward in the 18 July 2021 event based on available sources,158.0120143890381,0.402079774,27.757611200000003,196.47821807861325,264.05894446372986,38.4662036895752,165.49208068847656,9.571393188862322,5.519999999999983e-10,43.0,9.584767801857586,-1.0,43.0,0.01216893624226,0.0002777777845039,1.054444432258606,8.178764512383902,4.5740065574646,44.15143203735352
2021-07-18,Parel,18.993,72.8397,F/S,6,2,India TV,"Rail tracks submerged, Central Railway main line suspended",158.0120143890381,0.402079774,27.757611200000003,196.47821807861325,264.05894446372986,38.4662036895752,165.49208068847656,9.752663482740658,5.249999999999985e-10,36.0,9.801065393093314,-2.0,36.0,0.0085408507157212,0.0002777777845039,1.690000057220459,7.901090219737325,4.88426399230957,43.49031448364258
2021-07-18,,18.99828,72.82175,G/S,7,0,no news mention found (negative example),No flooding reported for this ward in the 18 July 2021 event based on available sources,158.0120143890381,0.402079774,27.757611200000003,196.47821807861325,264.05894446372986,38.4662036895752,165.49208068847656,7.63929987462029,3.0349999999999652e-09,49.0,7.647036070012572,-6.0,49.0,0.1080325688929383,0.0002777777845039,33.25638961791992,9.88076588337685,4.125060081481934,63.93318939208984
2021-07-18,Dadar,19.0176,72.844,F/N,8,2,India TV/Deccan Herald,Rail tracks submerged; street waterlogging photographed,158.0120143890381,0.402079774,27.757611200000003,196.47821807861325,264.05894446372986,38.4662036895752,165.49208068847656,6.920208089147393,5.119999999999984e-10,43.0,6.780260844079718,-19.0,43.0,0.0761020119276862,0.0002777777845039,10.162500381469728,8.322064130275498,4.229712009429932,45.286903381347656
2021-07-18,Matunga,19.027,72.856,F/N,8,2,India TV/Deccan Herald,"Rail tracks submerged, waterlogging on railway track photographed",158.0120143890381,0.402079774,27.757611200000003,196.47821807861325,264.05894446372986,38.4662036895752,165.49208068847656,6.920208089147393,5.119999999999984e-10,43.0,6.780260844079718,-19.0,43.0,0.0761020119276862,0.0002777777845039,10.162500381469728,8.322064130275498,4.229712009429932,45.286903381347656
2021-07-18,Sion,19.04,72.862,F/N,8,2,India TV,Rail tracks submerged; chronic flood zone,158.0120143890381,0.402079774,27.757611200000003,196.47821807861325,264.05894446372986,38.4662036895752,165.49208068847656,6.920208089147393,5.119999999999984e-10,43.0,6.780260844079718,-19.0,43.0,0.0761020119276862,0.0002777777845039,10.162500381469728,8.322064130275498,4.229712009429932,45.286903381347656
2021-07-18,,19.03404,72.84517,G/N,9,0,no news mention found (negative example),No flooding reported for this ward in the 18 July 2021 event based on available sources,158.0120143890381,0.402079774,27.757611200000003,196.47821807861325,264.05894446372986,38.4662036895752,165.49208068847656,7.619536220143185,3.975999999999968e-09,50.0,7.511697106505233,-8.0,50.0,0.1104297320896072,0.0002777777845039,18.655277252197266,9.32984044736302,3.895554542541504,45.89177703857422
2021-07-18,Vikhroli East,19.1075,72.928,N,10,3,Business Standard/Wikipedia,Landslide caved in Suryanagar slum hutments; 6-10 killed,158.0120143890381,0.402079774,27.757611200000003,196.47821807861325,264.05894446372986,38.4662036895752,165.49208068847656,11.603912921835526,1.7650000000000802e-09,196.0,11.490970180596388,-10.0,196.0,0.0431937717446822,0.0002777777845039,8.920000076293945,9.164206872112558,3.977274179458618,45.12970352172852
2021-07-18,,19.23125,72.84299,R/C,11,0,no news mention found (negative example),No flooding reported for this ward in the 18 July 2021 event based on available sources,158.0120143890381,0.402079774,27.757611200000003,196.47821807861325,264.05894446372986,38.4662036895752,165.49208068847656,38.75245708322869,2.60700000000001e-09,315.0,38.7333245970384,-9.0,315.0,0.0543700582284782,0.0002777777845039,7.428055763244629,9.512141499897036,4.11454963684082,63.97616195678711
2021-07-18,Bhandup,19.145,72.937,S,12,2,India TV/Business Standard,"Rail tracks submerged; nearby water treatment plant flooded, causing citywide water shortage",158.0120143890381,0.402079774,27.757611200000003,196.47821807861325,264.05894446372986,38.4662036895752,165.49208068847656,23.532177694628807,2.1180000000000628e-09,196.0,23.42182828496361,-21.0,196.0,0.0753997645137483,0.0002777777845039,10.123055458068848,9.933440038655514,3.6820685863494873,45.27755355834961
2021-07-18,,19.17246,72.93,T,13,0,no news mention found (negative example),No flooding reported for this ward in the 18 July 2021 event based on available sources,158.0120143890381,0.402079774,27.757611200000003,196.47821807861325,264.05894446372986,38.4662036895752,165.49208068847656,87.30968201735111,2.1590000000000584e-09,497.0,87.29915945249125,-9.0,497.0,0.0634830668438986,0.0002777777845039,13.811944007873535,10.36066117131658,3.37895131111145,45.41240692138672
2021-07-18,Andheri West,19.1364,72.8296,K/W,14,2,Gulf News,Resident electrocuted in shop due to flood-related short circuit,158.0120143890381,0.402079774,27.757611200000003,196.47821807861325,264.05894446372986,38.4662036895752,165.49208068847656,8.642681989807611,2.0530000000000693e-09,43.0,8.681660139808953,-10.0,43.0,0.1349917072784375,0.0002777777845039,29.560277938842773,9.374800991838375,4.275328159332275,46.003936767578125
2021-07-18,,19.25233,72.85981,R/N,15,0,no news mention found (negative example),No flooding reported for this ward in the 18 July 2021 event based on available sources,158.0120143890381,0.402079774,27.757611200000003,196.47821807861325,264.05894446372986,38.4662036895752,165.49208068847656,25.070700031756413,2.7639999999999934e-09,262.0,25.02603737725689,-5.0,262.0,0.0924558613547276,0.0002777777845039,8.758055686950684,8.66278409090909,4.312486171722412,45.119415283203125
2021-07-18,,19.03858,72.92471,M/E,16,0,no news mention found (negative example),No flooding reported for this ward in the 18 July 2021 event based on available sources,158.0120143890381,0.402079774,27.757611200000003,196.47821807861325,264.05894446372986,38.4662036895752,165.49208068847656,32.15119630242132,3.629999999999991e-10,305.0,32.13607939097336,-11.0,305.0,0.0259314997031547,0.0002777777845039,4.688055515289307,8.117498470636216,2.473655462265014,44.49699020385742
2021-07-18,Chembur (Vashi Naka/Bharat Nagar),19.0522,72.9005,M/W,17,3,Business Standard/FloodList/Wikipedia,"Retaining wall collapse after landslide; 17-19 killed, worst single incident of the event",158.0120143890381,0.402079774,27.757611200000003,196.47821807861325,264.05894446372986,38.4662036895752,165.49208068847656,6.791317829510579,4.0199999999999887e-10,49.0,6.696640826873385,-20.0,49.0,0.0399525976057816,0.0002777777845039,10.841666221618652,9.951120801033593,4.123074531555176,44.93202972412109
2021-07-18,,19.07041,72.85566,H/E,18,0,no news mention found (negative example),No flooding reported for this ward in the 18 July 2021 event based on available sources,158.0120143890381,0.402079774,27.757611200000003,196.47821807861325,264.05894446372986,38.4662036895752,165.49208068847656,6.583906714018328,4.117000000000011e-09,36.0,6.182153979865285,-26.0,36.0,0.1843068450333164,0.0002777777845039,17.174999237060547,9.893443995799233,4.435847282409668,45.62385177612305
2021-07-18,,19.11383,72.86549,K/E,19,0,no news mention found (negative example),No flooding reported for this ward in the 18 July 2021 event based on available sources,158.0120143890381,0.402079774,27.757611200000003,196.47821807861325,264.05894446372986,38.4662036895752,165.49208068847656,22.137003264665417,5.0,93.0,22.09343690194754,-15.0,93.0,0.0465221966877274,0.0002777777845039,11.135833740234377,8.11968085106383,4.645076274871826,45.37880325317383
2021-07-18,,19.15845,72.85737,P/S,20,0,no news mention found (negative example),No flooding reported for this ward in the 18 July 2021 event based on available sources,158.0120143890381,0.402079774,27.757611200000003,196.47821807861325,264.05894446372986,38.4662036895752,165.49208068847656,28.69013380932713,3.6669999999998965e-09,165.0,28.700802854594112,-11.0,165.0,0.091013516809768,0.0002777777845039,11.958333015441896,8.615129348795717,4.369857311248779,45.4154167175293
2021-07-18,,19.18437,72.82682,P/N,21,0,no news mention found (negative example),No flooding reported for this ward in the 18 July 2021 event based on available sources,158.0120143890381,0.402079774,27.757611200000003,196.47821807861325,264.05894446372986,38.4662036895752,165.49208068847656,34.10584952895298,2.120000000000062e-09,386.0,34.1469501635559,-9.0,386.0,0.0668086756782759,0.0002777777845039,15.294722557067873,9.944403622282088,4.295476913452148,63.6225814819336
2021-07-18,,19.20448,72.86,R/S,22,0,no news mention found (negative example),No flooding reported for this ward in the 18 July 2021 event based on available sources,158.0120143890381,0.402079774,27.757611200000003,196.47821807861325,264.05894446372986,38.4662036895752,165.49208068847656,45.09061504538087,2.6050000000000108e-09,371.0,44.99701053663318,-6.0,371.0,0.0488991417449001,0.0002777777845039,7.613611221313477,8.699612533692722,4.15839433670044,45.11293029785156
2021-07-18,,19.06496,72.8314,H/W,23,0,no news mention found (negative example),No flooding reported for this ward in the 18 July 2021 event based on available sources,158.0120143890381,0.402079774,27.757611200000003,196.47821807861325,264.05894446372986,38.4662036895752,165.49208068847656,11.594104760148362,3.737999999999895e-09,50.0,11.675562636924916,-3.0,50.0,0.0136108641557023,0.0002777777845039,18.63361167907715,8.048580337582155,4.594971656799316,44.231441497802734
2021-07-18,Kurla,19.0728,72.8826,L,24,2,India TV,"Rail tracks submerged, Harbour line suspended",158.0120143890381,0.402079774,27.757611200000003,196.47821807861325,264.05894446372986,38.4662036895752,165.49208068847656,16.679339411671368,1.999999999999,192.0,16.558747634612075,-8.0,192.0,0.0829140005653635,0.0002777777845039,12.256667137145996,9.001885142496702,3.7383975982666016,45.42776870727539
