Year,gid,name,Evergreen_Needleleaf_Forest,Evergreen_Broadleaf_Forest,Deciduous_Needleleaf_Forest,Deciduous_Broadleaf_Forest,Mixed_Forest,Closed_Shrubland,Open_Shrubland,Woody_Savanna,Savanna,Grassland,Permanent_Wetland,Cropland,Urban_Builtup,Cropland_Natural_Mosaic,Snow_Ice,Barren,Water
2001.0,1,A,0,0,0,0,0,0,0,0,235258.359375,0,689181.4337622549,235264.515625,7017304.890379901,0,0,0,3016562.8251225497
2001.0,2,B,0,0,0,0,0,0,0,0,0,0,0,0,2073372.500245098,0,0,0,580135.9305759805
2001.0,3,C,0,0,0,0,0,0,0,0,0,0,0,0,1825320.1714460785,0,0,0,83012.75735294117
2001.0,4,D,0,0,0,0,0,0,0,0,0,0,63631.402573529405,0,6754781.723958335,0,0,0,1389923.8659313726
2001.0,5,E,0,0,0,0,0,0,0,0,0,0,0,0,6842883.469607843,0,0,0,415926.21924019605
2001.0,6,F/S,0,0,0,0,0,0,0,0,0,235153.34375,53478.81470588235,0,8686956.580024509,0,0,0,797647.2238357844
2001.0,7,G/S,0,0,0,0,0,0,0,0,0,235153.34375,170605.93443627452,0,7571278.997120097,0,0,94960.98253676471,1218989.685723039
2001.0,8,F/N,0,0,0,0,0,0,0,0,375258.9612745098,0,220364.00355392156,0,11236421.204350492,0,0,0,429646.82303921564
2001.0,9,G/N,0,0,0,0,0,0,0,0,0,0,0,0,8616054.132965686,0,0,0,118001.19503676471
2001.0,10,N,0,0,0,0,0,0,0,0,2812705.2835784317,3290073.703125,4326031.977022058,0,15235246.970710784,0,0,0,0
2001.0,11,R/C,0,82881.01654411765,0,0,1999206.1120710785,0,0,2161244.121384804,3016672.3045343137,11591379.685416667,5184930.871813726,5977539.86372549,15228939.53284314,0,0,47880.42107843137,2676856.9214460785
2001.0,12,S,0,0,0,0,0,0,0,0,483710.93639705883,991367.9876225491,2935509.436887255,515031.45931372547,24338610.496691175,0,0,0,469909.09375
2001.0,13,T,0,841834.8057598039,0,0,2547750.1518995096,0,0,1454339.218382353,1161445.015747549,9170367.8533701,5162416.910232844,2041419.0588848034,17374847.919975493,0,0,0,3063146.544117647
2001.0,14,K/W,0,0,0,0,0,0,0,0,0,658760.4225490196,236765.83088235295,0,22120054.67279412,0,0,105035.7161764706,1391298.08002451
2001.0,15,R/N,0,0,0,0,0,0,0,0,469527.40625,1554197.5867034313,943678.2710171569,219133.29375,10833084.007536765,0,0,0,131660.68192401962
2001.0,16,M/E,0,0,0,0,0,0,0,0,470201.34375,4911272.153553922,2567659.9319240195,940402.671875,23938293.966053914,0,0,0,228680.25563725492
2001.0,17,M/W,0,0,0,0,0,0,0,0,49787.99338235294,329177.5125,160440.37463235293,0,16293262.004350489,0,0,0,534814.3318627451
2001.0,18,H/E,0,0,0,0,0,0,0,0,0,0,0,0,12412536.178002447,0,0,0,0
2001.0,19,K/E,0,0,0,0,0,0,0,0,234948.3125,454233.8052083333,0,575844.4674019607,22687510.509742647,0,0,0,0
2001.0,20,P/S,0,0,0,0,0,0,0,0,0,1660088.7729166667,9212.19056372549,7385697.1727941185,15063540.253799021,0,0,0,1046458.7624387256
2001.0,21,P/N,0,64475.03982843138,0,0,0,0,0,0,2650865.8125,9810318.957720589,5709980.496874999,4309719.051286764,20166082.730085786,0,0,469677.890625,3519457.228921569
2001.0,22,R/S,0,33158.591911764706,0,0,581149.5902573529,0,0,144591.18186274508,209049.91936274507,3109249.315563726,148272.79234068628,679671.7930147059,13291384.757291667,0,0,0,109590.04583333334
2001.0,23,H/W,0,0,0,0,0,0,0,0,0,0,0,0,8698344.140931373,0,0,921.8539215686275,302346.3863970588
2001.0,24,L,0,0,0,0,0,0,0,0,0,0,0,0,15672850.33572304,0,0,0,0
2002.0,1,A,0,0,0,0,0,0,0,0,235258.359375,465909.96599264705,458535.98339460784,0,7017304.890379901,0,0,0,3016562.8251225497
2002.0,2,B,0,0,0,0,0,0,0,0,0,0,0,0,2073372.500245098,0,0,0,580135.9305759805
2002.0,3,C,0,0,0,0,0,0,0,0,0,0,0,0,1825320.1714460785,0,0,0,83012.75735294117
2002.0,4,D,0,0,0,0,0,0,0,0,0,63631.402573529405,0,0,6754781.723958335,0,0,0,1389923.8659313726
2002.0,5,E,0,0,0,0,0,0,0,0,0,0,0,0,6842883.469607843,0,0,0,415926.21924019605
2002.0,6,F/S,0,0,0,0,0,0,0,0,0,235153.34375,53478.81470588235,0,8686956.580024509,0,0,0,797647.2238357844
2002.0,7,G/S,0,0,0,0,0,0,0,0,0,405759.2781862745,0,0,7571278.997120097,0,0,94960.98253676471,1218989.685723039
2002.0,8,F/N,0,0,0,0,0,0,0,0,375258.9612745098,0,220364.00355392156,0,11236421.204350492,0,0,0,429646.82303921564
2002.0,9,G/N,0,0,0,0,0,0,0,0,0,0,0,0,8616054.132965686,0,0,0,118001.19503676471
2002.0,10,N,0,0,0,0,0,0,0,0,2349202.981617647,4458626.473835784,3620981.5082720597,0,15235246.970710784,0,0,0,0
2002.0,11,R/C,0,0,0,0,2639190.753002451,0,0,2728529.4137867647,4940246.082720588,8100486.766176471,5207953.990686275,6397446.969117647,15228939.53284314,0,0,47880.42107843137,2676856.9214460785
2002.0,12,S,0,0,0,0,0,0,0,0,0,1466818.4944240197,2708827.803982843,749973.5218137255,24338610.496691175,0,0,0,469909.09375
2002.0,13,T,0,0,0,0,5073192.582904412,0,0,1373295.0924632354,1541874.735477941,8394969.800674021,3979683.480637255,2016557.3221200977,17374847.919975493,0,0,0,3063146.544117647
2002.0,14,K/W,0,0,0,0,0,0,0,0,0,658760.4225490196,236765.83088235295,0,22120054.67279412,0,0,105035.7161764706,1391298.08002451
2002.0,15,R/N,0,0,0,0,0,0,0,11970.105269607842,0,2230888.1814338234,943678.2710171569,0,10833084.007536765,0,0,0,131660.68192401962
2002.0,16,M/E,0,0,0,0,0,0,0,0,401038.2279411765,4911389.950428922,1461266.985232843,2115840.9375,23938293.966053914,0,0,0,228680.25563725492
2002.0,17,M/W,0,0,0,0,0,0,0,0,284916.5558823529,94048.95000000001,160440.37463235293,0,16293262.004350489,0,0,0,534814.3318627451
2002.0,18,H/E,0,0,0,0,0,0,0,0,0,0,0,0,12412536.178002447,0,0,0,0
2002.0,19,K/E,0,0,0,0,0,0,0,0,0,234948.3125,0,1030078.2726102942,22687510.509742647,0,0,0,0
2002.0,20,P/S,0,0,0,0,0,0,0,0,0,470755.54454656865,9212.19056372549,8575030.401164215,15063540.253799021,0,0,0,1046458.7624387256
2002.0,21,P/N,0,0,0,0,0,0,0,55267.26470588235,2045645.9313112744,9359143.131740196,6268019.502757353,5286961.418321079,20166082.730085786,0,0,0,3519457.228921569
2002.0,22,R/S,0,0,0,0,513912.50232843135,0,0,408911.6591911764,501946.8211397059,2874373.654779412,357322.7117034313,248675.83517156864,13291384.757291667,0,0,0,109590.04583333334
2002.0,23,H/W,0,0,0,0,0,0,0,0,0,0,0,0,8698344.140931373,0,0,921.8539215686275,302346.3863970588
2002.0,24,L,0,0,0,0,0,0,0,0,0,0,0,0,15672850.33572304,0,0,0,0
2003.0,1,A,0,0,0,0,0,0,0,0,235258.359375,465909.96599264705,458535.98339460784,0,7017304.890379901,0,0,0,3016562.8251225497
2003.0,2,B,0,0,0,0,0,0,0,0,0,0,0,0,2073372.500245098,0,0,0,580135.9305759805
2003.0,3,C,0,0,0,0,0,0,0,0,0,0,0,0,1825320.1714460785,0,0,0,83012.75735294117
2003.0,4,D,0,0,0,0,0,0,0,0,0,63631.402573529405,0,0,6754781.723958335,0,0,0,1389923.8659313726
2003.0,5,E,0,0,0,0,0,0,0,0,0,0,0,0,6842883.469607843,0,0,0,415926.21924019605
2003.0,6,F/S,0,0,0,0,0,0,0,0,0,235153.34375,53478.81470588235,0,8686956.580024509,0,0,0,797647.2238357844
2003.0,7,G/S,0,0,0,0,0,0,0,0,0,405759.2781862745,0,0,7571278.997120097,0,0,94960.98253676471,1218989.685723039
2003.0,8,F/N,0,0,0,0,0,0,0,0,375258.9612745098,0,220364.00355392156,0,11236421.204350492,0,0,0,429646.82303921564
2003.0,9,G/N,0,0,0,0,0,0,0,0,0,0,0,0,8616054.132965686,0,0,0,118001.19503676471
2003.0,10,N,0,0,0,0,0,0,0,0,2936290.453370098,5163689.380085784,2328831.1302696075,0,15235246.970710784,0,0,0,0
2003.0,11,R/C,0,82881.01654411765,0,0,2958783.9382965686,0,0,3479911.3964460786,3466891.980882353,9153930.048223041,4474033.704105393,6397421.890992647,15228939.53284314,0,0,47880.42107843137,2676856.9214460785
2003.0,12,S,0,0,0,0,0,0,0,0,234954.546875,1466818.4944240197,2473873.257107843,749973.5218137255,24338610.496691175,0,0,0,469909.09375
2003.0,13,T,0,137239.72763480392,0,0,4603370.801654412,0,0,2009689.8579656861,934832.0547181371,9142141.227267157,3509949.261887255,2042350.0831495095,17374847.919975493,0,0,0,3063146.544117647
2003.0,14,K/W,0,0,0,0,0,0,0,0,53434.96642156863,234942.0625,712184.9406862746,0,22120054.67279412,0,0,0,1391298.08002451
2003.0,15,R/N,0,0,0,0,0,0,0,11970.105269607842,0,2230888.1814338234,943678.2710171569,0,10833084.007536765,0,0,0,131660.68192401962
2003.0,16,M/E,0,0,0,0,0,0,0,0,165946.85294117648,4911396.153553922,1696358.3602328429,2115834.734375,23938293.966053914,0,0,0,228680.25563725492
2003.0,17,M/W,0,0,0,0,0,0,0,0,284916.5558823529,94048.95000000001,160440.37463235293,0,16293262.004350489,0,0,0,534814.3318627451
2003.0,18,H/E,0,0,0,0,0,0,0,0,0,0,0,0,12412536.178002447,0,0,0,0
2003.0,19,K/E,0,0,0,0,0,0,0,0,0,234948.3125,0,1030078.2726102942,22687510.509742647,0,0,0,0
2003.0,20,P/S,0,0,0,0,0,0,0,0,0,235825.95079656862,9212.19056372549,8809959.994914213,15063540.253799021,0,0,0,1046458.7624387256
2003.0,21,P/N,0,64475.03982843138,0,0,0,0,0,55267.26470588235,1735255.3418504903,9731315.570710784,5690457.889460783,5731817.780453431,20166082.730085786,0,0,6448.3618259803925,3519457.228921569
2003.0,22,R/S,0,33158.591911764706,0,0,314987.4479166667,0,0,408911.6591911764,876763.203002451,2787791.853370098,0,483530.4289215686,13291384.757291667,0,0,0,109590.04583333334
2003.0,23,H/W,0,0,0,0,0,0,0,0,0,0,0,0,8698344.140931373,0,0,921.8539215686275,302346.3863970588
2003.0,24,L,0,0,0,0,0,0,0,0,0,0,0,0,15672850.33572304,0,0,0,0
2004.0,1,A,0,0,0,0,0,0,0,0,0,701168.325367647,458535.98339460784,0,7017304.890379901,0,0,0,3016562.8251225497
2004.0,2,B,0,0,0,0,0,0,0,0,0,0,0,0,2073372.500245098,0,0,0,580135.9305759805
2004.0,3,C,0,0,0,0,0,0,0,0,0,0,0,0,1825320.1714460785,0,0,0,83012.75735294117
2004.0,4,D,0,0,0,0,0,0,0,0,0,63631.402573529405,0,0,6754781.723958335,0,0,0,1389923.8659313726
2004.0,5,E,0,0,0,0,0,0,0,0,0,0,0,0,6842883.469607843,0,0,0,415926.21924019605
2004.0,6,F/S,0,0,0,0,0,0,0,0,0,235153.34375,53478.81470588235,0,8686956.580024509,0,0,0,797647.2238357844
2004.0,7,G/S,0,0,0,0,0,0,0,0,0,405759.2781862745,0,0,7571278.997120097,0,0,94960.98253676471,1218989.685723039
2004.0,8,F/N,0,0,0,0,0,0,0,0,185321.97536764704,0,410300.98946078436,0,11236421.204350492,0,0,0,429646.82303921564
2004.0,9,G/N,0,0,0,0,0,0,0,0,0,0,0,0,8616054.132965686,0,0,0,118001.19503676471
2004.0,10,N,0,0,0,0,0,0,0,0,2819255.294117647,5398668.864460784,2210886.805147059,0,15235246.970710784,0,0,0,0
2004.0,11,R/C,0,82881.01654411765,0,0,2933943.2403186276,0,0,6696384.962990196,2565402.2069852944,6612389.630882353,5178491.047855393,5944361.869914216,15228939.53284314,0,0,47880.42107843137,2676856.9214460785
2004.0,12,S,0,0,0,0,0,0,0,0,234954.546875,1701760.5569240197,2473873.257107843,515031.45931372547,24338610.496691175,0,0,0,469909.09375
2004.0,13,T,0,137239.72763480392,0,234860.859375,5308072.192279412,0,0,2627824.3685049014,939492.990992647,8519345.717953432,3275088.402512255,1337648.7550245095,17374847.919975493,0,0,0,3063146.544117647
2004.0,14,K/W,0,0,0,0,0,0,0,0,53434.96642156863,234942.0625,607149.2245098039,0,22120054.67279412,0,0,105035.7161764706,1391298.08002451
2004.0,15,R/N,0,0,0,0,0,0,0,11970.105269607842,531246.8915441176,1699641.2898897058,943678.2710171569,0,10833084.007536765,0,0,0,131660.68192401962
2004.0,16,M/E,0,0,0,0,0,0,0,0,0,6321969.184803922,1862305.2131740192,705261.703125,23938293.966053914,0,0,0,228680.25563725492
2004.0,17,M/W,0,0,0,0,0,0,0,0,49787.99338235294,329177.5125,160440.37463235293,0,16293262.004350489,0,0,0,534814.3318627451
2004.0,18,H/E,0,0,0,0,0,0,0,0,0,0,0,0,12412536.178002447,0,0,0,0
2004.0,19,K/E,0,0,0,0,0,0,0,0,0,469902.859375,0,795123.725735294,22687510.509742647,0,0,0,0
2004.0,20,P/S,0,0,0,0,0,0,0,0,0,470749.29454656865,9212.19056372549,8575036.651164215,15063540.253799021,0,0,0,1046458.7624387256
2004.0,21,P/N,0,64475.03982843138,0,0,0,0,0,320546.8669730392,1735274.1074754903,9976268.87009804,5925362.498835783,4986661.503799019,20166082.730085786,0,0,6448.3618259803925,3519457.228921569
2004.0,22,R/S,0,33158.591911764706,0,0,769033.165747549,0,0,1008482.3660539215,209049.91936274507,2193759.594852941,0,691659.546384804,13291384.757291667,0,0,0,109590.04583333334
2004.0,23,H/W,0,0,0,0,0,0,0,0,0,0,0,0,8698344.140931373,0,0,921.8539215686275,302346.3863970588
2004.0,24,L,0,0,0,0,0,0,0,0,0,0,0,0,15672850.33572304,0,0,0,0
2005.0,1,A,0,0,0,0,0,0,0,0,235258.359375,465909.96599264705,458535.98339460784,0,7017304.890379901,0,0,0,3016562.8251225497
2005.0,2,B,0,0,0,0,0,0,0,0,0,0,0,0,2073372.500245098,0,0,0,580135.9305759805
2005.0,3,C,0,0,0,0,0,0,0,0,0,0,0,0,1825320.1714460785,0,0,0,83012.75735294117
2005.0,4,D,0,0,0,0,0,0,0,0,0,63631.402573529405,0,0,6754781.723958335,0,0,0,1389923.8659313726
2005.0,5,E,0,0,0,0,0,0,0,0,0,0,0,0,6842883.469607843,0,0,0,415926.21924019605
2005.0,6,F/S,0,0,0,0,0,0,0,0,0,235153.34375,53478.81470588235,0,8686956.580024509,0,0,0,797647.2238357844
2005.0,7,G/S,0,0,0,0,0,0,0,0,0,405759.2781862745,0,0,7571278.997120097,0,0,94960.98253676471,1218989.685723039
2005.0,8,F/N,0,0,0,0,0,0,0,0,375258.9612745098,0,220364.00355392156,0,11236421.204350492,0,0,0,429646.82303921564
2005.0,9,G/N,0,0,0,0,0,0,0,0,0,0,0,0,8616054.132965686,0,0,0,118001.19503676471
2005.0,10,N,0,0,0,0,0,0,0,0,2819280.184742647,5398643.973835784,2210886.805147059,0,15235246.970710784,0,0,0,0
2005.0,11,R/C,0,82881.01654411765,0,0,2333547.9819240198,0,0,8015895.783026962,928198.2696078431,8538839.150183823,5413276.719730393,4749095.475551471,15228939.53284314,0,0,0,2676856.9214460785
2005.0,12,S,0,0,0,0,0,0,0,0,234954.546875,1467739.8358455882,2473873.257107843,749052.1803921569,24338610.496691175,0,0,0,469909.09375
2005.0,13,T,0,137239.72763480392,0,469715.453125,5777793.895404412,0,0,3234847.5375612746,703679.7449142156,7516333.867279412,3275088.402512255,1264874.385845588,17374847.919975493,0,0,0,3063146.544117647
2005.0,14,K/W,0,0,0,0,0,0,0,0,53434.96642156863,234942.0625,712184.9406862746,0,22120054.67279412,0,0,0,1391298.08002451
2005.0,15,R/N,0,0,0,0,0,0,0,11970.105269607842,443777.7196691176,1787110.4617647058,943678.2710171569,0,10833084.007536765,0,0,0,131660.68192401962
2005.0,16,M/E,0,0,0,0,0,0,0,0,0,6792151.934803922,1862305.2131740192,235078.953125,23938293.966053914,0,0,0,228680.25563725492
2005.0,17,M/W,0,0,0,0,0,0,0,0,49787.99338235294,329177.5125,160440.37463235293,0,16293262.004350489,0,0,0,534814.3318627451
2005.0,18,H/E,0,0,0,0,0,0,0,0,0,0,0,0,12412536.178002447,0,0,0,0
2005.0,19,K/E,0,0,0,0,0,0,0,0,0,469902.859375,0,795123.725735294,22687510.509742647,0,0,0,0
2005.0,20,P/S,0,0,0,0,0,0,0,0,234904.609375,1247359.8848039214,9212.19056372549,7563521.451531864,15063540.253799021,0,0,0,1046458.7624387256
2005.0,21,P/N,0,64475.03982843138,0,0,0,0,0,782961.790012255,1501309.3535539214,10541788.36887255,5696956.266911765,4427546.429656862,20166082.730085786,0,0,0,3519457.228921569
2005.0,22,R/S,0,33158.591911764706,0,0,534172.306372549,0,0,1008488.6316789215,209049.91936274507,2876202.400735294,0,244071.334252451,13291384.757291667,0,0,0,109590.04583333334
2005.0,23,H/W,0,0,0,0,0,0,0,0,0,0,0,0,8698344.140931373,0,0,921.8539215686275,302346.3863970588
2005.0,24,L,0,0,0,0,0,0,0,0,0,0,0,0,15672850.33572304,0,0,0,0
2006.0,1,A,0,0,0,0,0,0,0,0,235258.359375,465909.96599264705,458535.98339460784,0,7017304.890379901,0,0,0,3016562.8251225497
2006.0,2,B,0,0,0,0,0,0,0,0,0,0,0,0,2073372.500245098,0,0,0,580135.9305759805
2006.0,3,C,0,0,0,0,0,0,0,0,0,0,0,0,1825320.1714460785,0,0,0,83012.75735294117
2006.0,4,D,0,0,0,0,0,0,0,0,0,63631.402573529405,0,0,6754781.723958335,0,0,0,1389923.8659313726
2006.0,5,E,0,0,0,0,0,0,0,0,0,0,0,0,6842883.469607843,0,0,0,415926.21924019605
2006.0,6,F/S,0,0,0,0,0,0,0,0,0,235153.34375,53478.81470588235,0,8686956.580024509,0,0,0,797647.2238357844
2006.0,7,G/S,0,0,0,0,0,0,0,0,0,405759.2781862745,0,0,7571278.997120097,0,0,94960.98253676471,1218989.685723039
2006.0,8,F/N,0,0,0,0,0,0,0,0,185321.97536764704,0,410300.98946078436,0,11236421.204350492,0,0,0,429646.82303921564
2006.0,9,G/N,0,0,0,0,0,0,0,0,0,0,0,0,8616054.132965686,0,0,0,118001.19503676471
2006.0,10,N,0,0,0,0,0,0,0,0,3072769.848651961,4928572.989460784,2427468.125612745,0,15235246.970710784,0,0,0,0
2006.0,11,R/C,0,82881.01654411765,0,0,3747972.0628063725,0,0,6009440.227389705,2268883.6906862743,7977121.814031864,5178459.688480393,4749095.475551471,15228939.53284314,0,0,47880.42107843137,2676856.9214460785
2006.0,12,S,0,0,0,0,0,0,0,0,342765.79558823525,1232772.8202205882,2601029.024019608,749052.1803921569,24338610.496691175,0,0,0,469909.09375
2006.0,13,T,0,558152.4616421568,0,469759.203125,6926315.002941177,0,0,2247395.2372549023,327847.3699142157,7545101.810416667,3509955.511887255,795046.4170955882,17374847.919975493,0,0,0,3063146.544117647
2006.0,14,K/W,0,0,0,0,0,0,0,0,53434.96642156863,234942.0625,712184.9406862746,0,22120054.67279412,0,0,0,1391298.08002451
2006.0,15,R/N,0,0,0,0,0,0,0,0,99439.27714460784,2143419.0095588234,943678.2710171569,0,10833084.007536765,0,0,0,131660.68192401962
2006.0,16,M/E,0,0,0,0,0,0,0,0,0,6150492.448590687,2033788.1525122544,705255.5,23938293.966053914,0,0,0,228680.25563725492
2006.0,17,M/W,0,0,0,0,0,0,0,0,49787.99338235294,329177.5125,160440.37463235293,0,16293262.004350489,0,0,0,534814.3318627451
2006.0,18,H/E,0,0,0,0,0,0,0,0,0,0,0,0,12412536.178002447,0,0,0,0
2006.0,19,K/E,0,0,0,0,0,0,0,0,0,469902.859375,0,795123.725735294,22687510.509742647,0,0,0,0
2006.0,20,P/S,0,0,0,0,0,0,0,0,234904.609375,1952098.6973039214,9212.19056372549,6858782.639031864,15063540.253799021,0,0,0,1046458.7624387256
2006.0,21,P/N,0,158426.88357843139,0,0,0,0,0,758090.1990196077,1877072.9473039214,10097013.241115198,5696956.266911765,4427477.710906862,20166082.730085786,0,0,0,3519457.228921569
2006.0,22,R/S,0,33158.591911764706,0,0,1212948.172365196,0,0,329712.7656862745,209049.91936274507,2876202.400735294,0,244071.334252451,13291384.757291667,0,0,0,109590.04583333334
2006.0,23,H/W,0,0,0,0,0,0,0,0,0,0,0,0,8698344.140931373,0,0,921.8539215686275,302346.3863970588
2006.0,24,L,0,0,0,0,0,0,0,0,0,0,0,0,15672850.33572304,0,0,0,0
2007.0,1,A,0,0,0,0,0,0,0,0,235258.359375,465909.96599264705,458535.98339460784,0,7017304.890379901,0,0,0,3016562.8251225497
2007.0,2,B,0,0,0,0,0,0,0,0,0,0,0,0,2073372.500245098,0,0,0,580135.9305759805
2007.0,3,C,0,0,0,0,0,0,0,0,0,0,0,0,1825320.1714460785,0,0,0,83012.75735294117
2007.0,4,D,0,0,0,0,0,0,0,0,0,63631.402573529405,0,0,6754781.723958335,0,0,0,1389923.8659313726
2007.0,5,E,0,0,0,0,0,0,0,0,0,0,0,0,6842883.469607843,0,0,0,415926.21924019605
2007.0,6,F/S,0,0,0,0,0,0,0,0,0,235153.34375,53478.81470588235,0,8686956.580024509,0,0,0,797647.2238357844
2007.0,7,G/S,0,0,0,0,0,0,0,0,0,170605.93443627452,0,0,7806432.340870097,0,0,94960.98253676471,1218989.685723039
2007.0,8,F/N,0,0,0,0,0,0,0,0,185321.97536764704,0,410300.98946078436,0,11236421.204350492,0,0,0,429646.82303921564
2007.0,9,G/N,0,0,0,0,0,0,0,0,0,0,0,0,8616054.132965686,0,0,0,118001.19503676471
2007.0,10,N,0,0,0,0,0,0,0,0,2585234.828125,4927663.767953431,2915912.367647059,0,15235246.970710784,0,0,0,0
2007.0,11,R/C,0,95771.21029411766,0,0,3759043.1124387253,0,0,5785678.903615195,2139020.2708946075,8541545.892340686,5461144.609558824,4279530.397426471,15228939.53284314,0,0,0,2676856.9214460785
2007.0,12,S,0,0,0,0,0,0,0,0,234954.546875,1232772.8202205882,2708840.272732843,749052.1803921569,24338610.496691175,0,0,0,469909.09375
2007.0,13,T,0,372100.5870098039,0,469759.203125,6971445.36194853,0,0,2246467.8661764706,469696.256617647,7545101.810416667,3509955.511887255,795046.4170955882,17374847.919975493,0,0,0,3063146.544117647
2007.0,14,K/W,0,0,0,0,0,0,0,0,53434.96642156863,234942.0625,712184.9406862746,0,22120054.67279412,0,0,0,1391298.08002451
2007.0,15,R/N,0,0,0,0,0,0,0,11970.105269607842,87469.171875,1908652.1658088234,943678.2710171569,234766.84375,10833084.007536765,0,0,0,131660.68192401962
2007.0,16,M/E,0,0,0,0,0,0,0,0,0,6150492.448590687,2033788.1525122544,705255.5,23938293.966053914,0,0,0,228680.25563725492
2007.0,17,M/W,0,0,0,0,0,0,0,0,49787.99338235294,94048.95000000001,395568.93713235296,0,16293262.004350489,0,0,0,534814.3318627451
2007.0,18,H/E,0,0,0,0,0,0,0,0,0,0,0,0,12412536.178002447,0,0,0,0
2007.0,19,K/E,0,0,0,0,0,0,0,0,234954.546875,0,0,1030072.0382352942,22687510.509742647,0,0,0,0
2007.0,20,P/S,0,0,0,0,0,0,0,0,234904.609375,2187015.8066789214,9212.19056372549,6623865.529656864,15063540.253799021,0,0,0,1046458.7624387256
2007.0,21,P/N,0,64475.03982843138,0,0,0,0,0,420968.1264705882,1924994.3971200981,10994133.815441176,6348156.996691177,3262308.873284314,20166082.730085786,0,0,0,3519457.228921569
2007.0,22,R/S,0,33158.591911764706,0,0,1331747.465747549,0,0,174056.54779411765,487190.55477941176,2878990.024080882,0,0,13291384.757291667,0,0,0,109590.04583333334
2007.0,23,H/W,0,0,0,0,0,0,0,0,0,0,0,0,8698344.140931373,0,0,921.8539215686275,302346.3863970588
2007.0,24,L,0,0,0,0,0,0,0,0,0,0,0,0,15672850.33572304,0,0,0,0
2008.0,1,A,0,0,0,0,0,0,0,0,235258.359375,465909.96599264705,458535.98339460784,0,7017304.890379901,0,0,0,3016562.8251225497
2008.0,2,B,0,0,0,0,0,0,0,0,0,0,0,0,2073372.500245098,0,0,0,580135.9305759805
2008.0,3,C,0,0,0,0,0,0,0,0,0,0,0,0,1825320.1714460785,0,0,0,83012.75735294117
2008.0,4,D,0,0,0,0,0,0,0,0,0,63631.402573529405,0,0,6754781.723958335,0,0,0,1389923.8659313726
2008.0,5,E,0,0,0,0,0,0,0,0,0,0,0,0,6842883.469607843,0,0,0,415926.21924019605
2008.0,6,F/S,0,0,0,0,0,0,0,0,0,235153.34375,53478.81470588235,0,8686956.580024509,0,0,0,797647.2238357844
2008.0,7,G/S,0,0,0,0,0,0,0,0,0,170605.93443627452,0,0,7806432.340870097,0,0,94960.98253676471,1218989.685723039
2008.0,8,F/N,0,0,0,0,0,0,0,0,185321.97536764704,0,410300.98946078436,0,11236421.204350492,0,0,0,429646.82303921564
2008.0,9,G/N,0,0,0,0,0,0,0,0,0,0,0,0,8616054.132965686,0,0,0,118001.19503676471
2008.0,10,N,0,0,0,0,0,0,0,0,3406373.890870098,4693587.270710784,2328849.8021446075,0,15235246.970710784,0,0,0,0
2008.0,11,R/C,0,82881.01654411765,0,153802.64080882352,3421079.7870710786,0,0,4657685.233823529,2197931.8764093136,9390535.99129902,5413264.188480393,4744553.662132353,15228939.53284314,0,0,0,2676856.9214460785
2008.0,12,S,0,0,0,0,0,0,0,0,469884.140625,1599481.3825367647,2107202.1166666667,749052.1803921569,24338610.496691175,0,0,0,469909.09375
2008.0,13,T,0,372100.5870098039,0,234854.59375,6736597.03382353,0,0,2384595.9075367646,468775.13553921564,7672348.096875,3407563.764093138,1102737.8956495097,17374847.919975493,0,0,0,3063146.544117647
2008.0,14,K/W,0,0,0,0,0,0,0,0,53434.96642156863,234942.0625,607149.2245098039,0,22120054.67279412,0,0,105035.7161764706,1391298.08002451
2008.0,15,R/N,0,0,0,0,0,0,0,0,0,1970342.5972426469,943678.2710171569,272515.6894607843,10833084.007536765,0,0,0,131660.68192401962
2008.0,16,M/E,0,0,0,0,0,0,0,0,0,6086877.809803922,1862305.2131740192,940353.078125,23938293.966053914,0,0,0,228680.25563725492
2008.0,17,M/W,0,0,0,0,0,0,0,0,49787.99338235294,94048.95000000001,395568.93713235296,0,16293262.004350489,0,0,0,534814.3318627451
2008.0,18,H/E,0,0,0,0,0,0,0,0,0,0,0,0,12412536.178002447,0,0,0,0
2008.0,19,K/E,0,0,0,0,0,0,0,0,0,234954.546875,0,1030072.0382352942,22687510.509742647,0,0,0,0
2008.0,20,P/S,0,0,0,0,0,0,0,0,234904.609375,1879330.578125,9212.19056372549,6931550.758210786,15063540.253799021,0,0,0,1046458.7624387256
2008.0,21,P/N,0,64475.03982843138,0,0,0,0,0,283717.4338235294,1352992.7151960784,10448830.278247548,6348156.996691177,4516864.785049019,20166082.730085786,0,0,0,3519457.228921569
2008.0,22,R/S,0,33158.591911764706,0,80124.72904411764,978087.3129901962,0,0,0,356401.8115196078,2973840.3099264707,0,483530.4289215686,13291384.757291667,0,0,0,109590.04583333334
2008.0,23,H/W,0,0,0,0,0,0,0,0,0,0,0,0,8698344.140931373,0,0,921.8539215686275,302346.3863970588
2008.0,24,L,0,0,0,0,0,0,0,0,0,0,0,0,15672850.33572304,0,0,0,0
2009.0,1,A,0,0,0,0,0,0,0,0,235258.359375,465909.96599264705,458535.98339460784,0,7017304.890379901,0,0,0,3016562.8251225497
2009.0,2,B,0,0,0,0,0,0,0,0,0,0,0,0,2073372.500245098,0,0,0,580135.9305759805
2009.0,3,C,0,0,0,0,0,0,0,0,0,0,0,0,1825320.1714460785,0,0,0,83012.75735294117
2009.0,4,D,0,0,0,0,0,0,0,0,0,63631.402573529405,0,0,6754781.723958335,0,0,0,1389923.8659313726
2009.0,5,E,0,0,0,0,0,0,0,0,0,0,0,0,6842883.469607843,0,0,0,415926.21924019605
2009.0,6,F/S,0,0,0,0,0,0,0,0,0,235153.34375,53478.81470588235,0,8686956.580024509,0,0,0,797647.2238357844
2009.0,7,G/S,0,0,0,0,0,0,0,0,0,170605.93443627452,0,0,7806432.340870097,0,0,94960.98253676471,1218989.685723039
2009.0,8,F/N,0,0,0,0,0,0,0,0,185321.97536764704,0,410300.98946078436,0,11236421.204350492,0,0,0,429646.82303921564
2009.0,9,G/N,0,0,0,0,0,0,0,0,0,0,0,0,8616054.132965686,0,0,0,118001.19503676471
2009.0,10,N,0,0,0,0,0,0,0,0,3994376.747242647,4223547.411335784,2210886.805147059,0,15235246.970710784,0,0,0,0
2009.0,11,R/C,0,82881.01654411765,0,559001.562990196,3366740.680882353,0,0,5478106.408762255,1728341.7045343136,8684259.46819853,5648074.938480393,4514328.616176471,15228939.53284314,0,0,0,2676856.9214460785
2009.0,12,S,0,0,0,0,0,0,0,0,0,1364514.3669117647,2812053.2729166667,749052.1803921569,24338610.496691175,0,0,0,469909.09375
2009.0,13,T,0,137239.72763480392,0,234854.59375,6501717.40882353,0,0,1909328.4341911764,469696.256617647,9210567.556678923,3048348.250306373,867820.7862745097,17374847.919975493,0,0,0,3063146.544117647
2009.0,14,K/W,0,0,0,0,0,0,0,0,53434.96642156863,234942.0625,607149.2245098039,0,22120054.67279412,0,0,105035.7161764706,1391298.08002451
2009.0,15,R/N,0,0,0,0,0,0,0,0,0,1773305.7710784315,943678.2710171569,469552.515625,10833084.007536765,0,0,0,131660.68192401962
2009.0,16,M/E,0,0,0,0,0,0,0,0,0,6321962.981678922,1862305.2131740192,705267.90625,23938293.966053914,0,0,0,228680.25563725492
2009.0,17,M/W,0,0,0,0,0,0,0,0,49787.99338235294,94048.95000000001,395568.93713235296,0,16293262.004350489,0,0,0,534814.3318627451
2009.0,18,H/E,0,0,0,0,0,0,0,0,0,0,0,0,12412536.178002447,0,0,0,0
2009.0,19,K/E,0,0,0,0,0,0,0,0,0,469902.859375,0,795123.725735294,22687510.509742647,0,0,0,0
2009.0,20,P/S,0,0,0,0,0,0,0,0,0,1879305.59375,9212.19056372549,7166480.351960786,15063540.253799021,0,0,0,1046458.7624387256
2009.0,21,P/N,0,64475.03982843138,0,0,0,0,0,55267.26470588235,1586957.469117647,11138750.234191176,5878397.793566177,4291189.44742647,20166082.730085786,0,0,0,3519457.228921569
2009.0,22,R/S,0,33158.591911764706,0,144591.18186274508,1267281.0129289215,0,0,93931.81875,356401.8115196078,3009778.767340686,0,0,13291384.757291667,0,0,0,109590.04583333334
2009.0,23,H/W,0,0,0,0,0,0,0,0,0,0,0,0,8698344.140931373,0,0,921.8539215686275,302346.3863970588
2009.0,24,L,0,0,0,0,0,0,0,0,0,0,0,0,15672850.33572304,0,0,0,0
2010.0,1,A,0,0,0,0,0,0,0,0,235258.359375,465909.96599264705,458535.98339460784,0,7017304.890379901,0,0,0,3016562.8251225497
2010.0,2,B,0,0,0,0,0,0,0,0,0,0,0,0,2073372.500245098,0,0,0,580135.9305759805
2010.0,3,C,0,0,0,0,0,0,0,0,0,0,0,0,1825320.1714460785,0,0,0,83012.75735294117
2010.0,4,D,0,0,0,0,0,0,0,0,0,63631.402573529405,0,0,6754781.723958335,0,0,0,1389923.8659313726
2010.0,5,E,0,0,0,0,0,0,0,0,0,0,0,0,6842883.469607843,0,0,0,415926.21924019605
2010.0,6,F/S,0,0,0,0,0,0,0,0,0,235153.34375,53478.81470588235,0,8686956.580024509,0,0,0,797647.2238357844
2010.0,7,G/S,0,0,0,0,0,0,0,0,0,170605.93443627452,0,0,7806432.340870097,0,0,94960.98253676471,1218989.685723039
2010.0,8,F/N,0,0,0,0,0,0,0,0,185321.97536764704,0,410300.98946078436,0,11236421.204350492,0,0,0,429646.82303921564
2010.0,9,G/N,0,0,0,0,0,0,0,0,0,0,0,0,8616054.132965686,0,0,0,118001.19503676471
2010.0,10,N,0,0,0,0,0,0,0,0,3289351.184742647,4928572.973835784,2210886.805147059,0,15235246.970710784,0,0,0,0
2010.0,11,R/C,0,82881.01654411765,0,170375.62530637253,3977293.4560661763,0,0,5417315.7609681375,1849865.9508578433,8166788.282169117,6117683.907230393,4279530.397426471,15228939.53284314,0,0,0,2676856.9214460785
2010.0,12,S,0,0,0,0,0,0,0,0,0,1238300.4283088236,2938267.211519608,749052.1803921569,24338610.496691175,0,0,0,469909.09375
2010.0,13,T,0,436538.4301470588,0,234854.59375,7761757.222242648,0,0,1576879.3022058823,258779.85612745097,7617015.982965686,3625926.8405637257,867820.7862745097,17374847.919975493,0,0,0,3063146.544117647
2010.0,14,K/W,0,0,0,0,0,0,0,0,53434.96642156863,234942.0625,712184.9406862746,0,22120054.67279412,0,0,0,1391298.08002451
2010.0,15,R/N,0,0,0,0,0,0,0,83788.82034313725,531246.8915441176,1793535.9130514709,777964.9327818628,0,10833084.007536765,0,0,0,131660.68192401962
2010.0,16,M/E,0,0,0,0,0,0,0,0,0,6557060.559803922,1862305.2131740192,470170.328125,23938293.966053914,0,0,0,228680.25563725492
2010.0,17,M/W,0,0,0,0,0,0,0,0,49787.99338235294,329177.5125,160440.37463235293,0,16293262.004350489,0,0,0,534814.3318627451
2010.0,18,H/E,0,0,0,0,0,0,0,0,0,0,0,0,12412536.178002447,0,0,0,0
2010.0,19,K/E,0,0,0,0,0,0,0,0,0,469902.859375,0,795123.725735294,22687510.509742647,0,0,0,0
2010.0,20,P/S,0,0,0,0,0,0,0,234929.59375,234904.609375,2349152.28125,9212.19056372549,6226799.461335786,15063540.253799021,0,0,0,1046458.7624387256
2010.0,21,P/N,0,64475.03982843138,0,0,384092.46783088235,0,0,1094290.1754289216,1024167.5120710785,10278424.843933823,6348156.996691177,3821430.2130514705,20166082.730085786,0,0,0,3519457.228921569
2010.0,22,R/S,0,33158.591911764706,0,299327.31219362747,1582260.3357230392,0,0,328780.1625,356401.8115196078,2070354.1110906862,0,234860.859375,13291384.757291667,0,0,0,109590.04583333334
2010.0,23,H/W,0,0,0,0,0,0,0,0,0,0,0,0,8698344.140931373,0,0,921.8539215686275,302346.3863970588
2010.0,24,L,0,0,0,0,0,0,0,0,0,0,0,0,15672850.33572304,0,0,0,0
2011.0,1,A,0,0,0,0,0,0,0,0,235258.359375,465909.96599264705,458535.98339460784,0,7017304.890379901,0,0,0,3016562.8251225497
2011.0,2,B,0,0,0,0,0,0,0,0,0,0,0,0,2073372.500245098,0,0,0,580135.9305759805
2011.0,3,C,0,0,0,0,0,0,0,0,0,0,0,0,1825320.1714460785,0,0,0,83012.75735294117
2011.0,4,D,0,0,0,0,0,0,0,0,0,63631.402573529405,0,0,6754781.723958335,0,0,0,1389923.8659313726
2011.0,5,E,0,0,0,0,0,0,0,0,0,0,0,0,6842883.469607843,0,0,0,415926.21924019605
2011.0,6,F/S,0,0,0,0,0,0,0,0,0,235153.34375,53478.81470588235,0,8686956.580024509,0,0,0,797647.2238357844
2011.0,7,G/S,0,0,0,0,0,0,0,0,0,170605.93443627452,0,0,7806432.340870097,0,0,94960.98253676471,1218989.685723039
2011.0,8,F/N,0,0,0,0,0,0,0,0,185321.97536764704,0,410300.98946078436,0,11236421.204350492,0,0,0,429646.82303921564
2011.0,9,G/N,0,0,0,0,0,0,0,0,0,0,0,0,8616054.132965686,0,0,0,118001.19503676471
2011.0,10,N,0,0,0,0,0,0,0,0,2584313.169117647,4928585.426960784,2915912.367647059,0,15235246.970710784,0,0,0,0
2011.0,11,R/C,0,82881.01654411765,0,324178.26611519605,3823472.002757353,0,0,6149341.950490195,1036816.2164828432,7619727.555882352,6750272.366789216,4275045.021507353,15228939.53284314,0,0,0,2676856.9214460785
2011.0,12,S,0,0,0,0,0,0,0,0,0,1238300.4283088236,2938267.211519608,749052.1803921569,24338610.496691175,0,0,0,469909.09375
2011.0,13,T,0,441174.3507965686,0,0,7206306.20569853,0,0,2597397.33560049,258779.85612745097,7454942.008394607,3625926.8405637257,795046.4170955882,17374847.919975493,0,0,0,3063146.544117647
2011.0,14,K/W,0,0,0,0,0,0,0,0,53434.96642156863,234942.0625,712184.9406862746,0,22120054.67279412,0,0,0,1391298.08002451
2011.0,15,R/N,0,172162.35208333333,0,0,0,0,0,527585.3681372548,87469.171875,1558750.2411764709,605802.5806985295,234766.84375,10833084.007536765,0,0,0,131660.68192401962
2011.0,16,M/E,0,0,0,0,0,0,0,0,235097.578125,6086865.403553922,1862305.2131740192,705267.90625,23938293.966053914,0,0,0,228680.25563725492
2011.0,17,M/W,0,0,0,0,0,0,0,0,49787.99338235294,329177.5125,160440.37463235293,0,16293262.004350489,0,0,0,534814.3318627451
2011.0,18,H/E,0,0,0,0,0,0,0,0,0,0,0,0,12412536.178002447,0,0,0,0
2011.0,19,K/E,0,0,0,0,0,0,0,0,0,234948.3125,0,1030078.2726102942,22687510.509742647,0,0,0,0
2011.0,20,P/S,0,0,0,0,0,0,0,469859.1875,704726.328125,1717175.3379289214,9212.19056372549,6154025.092156864,15063540.253799021,0,0,0,1046458.7624387256
2011.0,21,P/N,0,64475.03982843138,0,0,338030.67800245096,0,0,1713287.283884804,879647.2317401961,9185046.696568627,6641914.764154412,4192635.5546568623,20166082.730085786,0,0,0,3519457.228921569
2011.0,22,R/S,0,33158.591911764706,0,144591.18186274508,1398069.7561887256,0,0,469702.9375,356401.8115196078,2489403.9295343137,0,13814.975796568628,13291384.757291667,0,0,0,109590.04583333334
2011.0,23,H/W,0,0,0,0,0,0,0,0,0,0,0,0,8698344.140931373,0,0,921.8539215686275,302346.3863970588
2011.0,24,L,0,0,0,0,0,0,0,0,0,0,0,0,15672850.33572304,0,0,0,0
2012.0,1,A,0,0,0,0,0,0,0,0,235258.359375,465909.96599264705,458535.98339460784,0,7017304.890379901,0,0,0,3016562.8251225497
2012.0,2,B,0,0,0,0,0,0,0,0,0,0,0,0,2073372.500245098,0,0,0,580135.9305759805
2012.0,3,C,0,0,0,0,0,0,0,0,0,0,0,0,1825320.1714460785,0,0,0,83012.75735294117
2012.0,4,D,0,0,0,0,0,0,0,0,0,63631.402573529405,0,0,6754781.723958335,0,0,0,1389923.8659313726
2012.0,5,E,0,0,0,0,0,0,0,0,0,0,0,0,6842883.469607843,0,0,0,415926.21924019605
2012.0,6,F/S,0,0,0,0,0,0,0,0,0,235153.34375,53478.81470588235,0,8686956.580024509,0,0,0,797647.2238357844
2012.0,7,G/S,0,0,0,0,0,0,0,0,0,170605.93443627452,0,0,7806432.340870097,0,0,94960.98253676471,1218989.685723039
2012.0,8,F/N,0,0,0,0,0,0,0,0,185321.97536764704,0,410300.98946078436,0,11236421.204350492,0,0,0,429646.82303921564
2012.0,9,G/N,0,0,0,0,0,0,0,0,0,0,0,0,8616054.132965686,0,0,0,118001.19503676471
2012.0,10,N,0,0,0,0,0,0,0,0,2350230.453125,4927682.439828431,3150898.070772059,0,15235246.970710784,0,0,0,0
2012.0,11,R/C,0,95771.21029411766,0,170375.62530637253,4916536.456066177,0,0,4577462.2662990205,789117.5014093138,8428250.837683823,6574389.806127451,4509830.693382353,15228939.53284314,0,0,0,2676856.9214460785
2012.0,12,S,0,0,0,0,0,0,0,0,0,1473254.9751838236,2703312.664644608,749052.1803921569,24338610.496691175,0,0,0,469909.09375
2012.0,13,T,0,910908.5695465686,0,0,7620848.190992648,0,0,1948038.2565563724,493684.46550245094,6750221.914644607,3625926.8405637257,1029944.7764705882,17374847.919975493,0,0,0,3063146.544117647
2012.0,14,K/W,0,0,0,0,0,0,0,0,53434.96642156863,234942.0625,712184.9406862746,0,22120054.67279412,0,0,0,1391298.08002451
2012.0,15,R/N,0,317621.83786764706,0,0,0,0,0,380268.8681372549,234766.84375,1574402.6193014707,460343.09491421573,219133.29375,10833084.007536765,0,0,0,131660.68192401962
2012.0,16,M/E,0,0,0,0,0,0,0,0,0,6321950.559803922,1862305.2131740192,705280.328125,23938293.966053914,0,0,0,228680.25563725492
2012.0,17,M/W,0,0,0,0,0,0,0,0,49787.99338235294,329177.5125,160440.37463235293,0,16293262.004350489,0,0,0,534814.3318627451
2012.0,18,H/E,0,0,0,0,0,0,0,0,0,0,0,0,12412536.178002447,0,0,0,0
2012.0,19,K/E,0,0,0,0,0,0,0,0,0,400789.76838235295,0,864236.8167279412,22687510.509742647,0,0,0,0
2012.0,20,P/S,0,0,0,0,0,0,0,234929.59375,469809.21875,2255201.30625,9212.19056372549,6085845.826960784,15063540.253799021,0,0,0,1046458.7624387256
2012.0,21,P/N,0,64475.03982843138,0,0,393297.9427083333,0,0,1658020.0191789216,975341.6030637255,9843696.274080884,5878397.793566177,4201808.576409314,20166082.730085786,0,0,0,3519457.228921569
2012.0,22,R/S,0,33158.591911764706,0,64466.452818627455,1478194.4852328433,0,0,469702.9375,356401.8115196078,2498614.404411765,0,4604.500919117647,13291384.757291667,0,0,0,109590.04583333334
2012.0,23,H/W,0,0,0,0,0,0,0,0,0,0,0,0,8698344.140931373,0,0,921.8539215686275,302346.3863970588
2012.0,24,L,0,0,0,0,0,0,0,0,0,0,0,0,15672850.33572304,0,0,0,0
2013.0,1,A,0,0,0,0,0,0,0,0,235258.359375,465909.96599264705,458535.98339460784,0,7017304.890379901,0,0,0,3016562.8251225497
2013.0,2,B,0,0,0,0,0,0,0,0,0,0,0,0,2073372.500245098,0,0,0,580135.9305759805
2013.0,3,C,0,0,0,0,0,0,0,0,0,0,0,0,1825320.1714460785,0,0,0,83012.75735294117
2013.0,4,D,0,0,0,0,0,0,0,0,0,63631.402573529405,0,0,6754781.723958335,0,0,0,1389923.8659313726
2013.0,5,E,0,0,0,0,0,0,0,0,0,0,0,0,6842883.469607843,0,0,0,415926.21924019605
2013.0,6,F/S,0,0,0,0,0,0,0,0,0,235153.34375,53478.81470588235,0,8686956.580024509,0,0,0,797647.2238357844
2013.0,7,G/S,0,0,0,0,0,0,0,0,0,170605.93443627452,0,0,7806432.340870097,0,0,94960.98253676471,1218989.685723039
2013.0,8,F/N,0,0,0,0,0,0,0,0,185321.97536764704,0,410300.98946078436,0,11236421.204350492,0,0,0,429646.82303921564
2013.0,9,G/N,0,0,0,0,0,0,0,0,0,0,0,0,8616054.132965686,0,0,0,118001.19503676471
2013.0,10,N,0,0,0,0,0,0,0,0,1880190.578125,4692671.846078431,3855948.539522059,0,15235246.970710784,0,0,0,0
2013.0,11,R/C,0,82881.01654411765,0,0,4147650.237622549,0,0,6178804.8032475505,740320.500122549,7412653.559191177,6985070.585539216,4514353.694301471,15228939.53284314,0,0,0,2676856.9214460785
2013.0,12,S,0,0,0,0,0,0,0,0,0,1003352.1158088236,3173215.524019608,749052.1803921569,24338610.496691175,0,0,0,469909.09375
2013.0,13,T,0,1380636.5382965687,0,0,6916271.878492648,0,0,2417791.209681372,728589.0748774509,6515311.055269607,3625926.8405637257,795046.4170955882,17374847.919975493,0,0,0,3063146.544117647
2013.0,14,K/W,0,0,0,0,0,0,0,0,53434.96642156863,234942.0625,712184.9406862746,0,22120054.67279412,0,0,0,1391298.08002451
2013.0,15,R/N,0,0,0,0,0,0,0,308450.15306372545,0,1880988.1781250003,777964.9327818628,219133.29375,10833084.007536765,0,0,0,131660.68192401962
2013.0,16,M/E,0,0,0,0,0,0,0,0,0,6321950.559803922,1862305.2131740192,705280.328125,23938293.966053914,0,0,0,228680.25563725492
2013.0,17,M/W,0,0,0,0,0,0,0,0,284916.5558823529,94048.95000000001,160440.37463235293,0,16293262.004350489,0,0,0,534814.3318627451
2013.0,18,H/E,0,0,0,0,0,0,0,0,0,0,0,0,12412536.178002447,0,0,0,0
2013.0,19,K/E,0,0,0,0,0,0,0,0,0,635744.315257353,0,629282.2698529412,22687510.509742647,0,0,0,0
2013.0,20,P/S,0,0,0,0,0,0,0,0,469809.21875,2725054.259375,9212.19056372549,5850922.467585784,15063540.253799021,0,0,0,1046458.7624387256
2013.0,21,P/N,0,64475.03982843138,0,0,393297.9427083333,0,0,1658020.0191789216,830821.3227328432,10634027.255698532,6172093.045404412,3262302.623284314,20166082.730085786,0,0,0,3519457.228921569
2013.0,22,R/S,0,33158.591911764706,0,0,1777515.5318014708,0,0,234848.34375,356401.8115196078,2503218.9053308824,0,0,13291384.757291667,0,0,0,109590.04583333334
2013.0,23,H/W,0,0,0,0,0,0,0,0,0,0,0,0,8698344.140931373,0,0,921.8539215686275,302346.3863970588
2013.0,24,L,0,0,0,0,0,0,0,0,0,0,0,0,15672850.33572304,0,0,0,0
2014.0,1,A,0,0,0,0,0,0,0,0,235258.359375,465909.96599264705,458535.98339460784,0,7017304.890379901,0,0,0,3016562.8251225497
2014.0,2,B,0,0,0,0,0,0,0,0,0,0,0,0,2073372.500245098,0,0,0,580135.9305759805
2014.0,3,C,0,0,0,0,0,0,0,0,0,0,0,0,1825320.1714460785,0,0,0,83012.75735294117
2014.0,4,D,0,0,0,0,0,0,0,0,0,63631.402573529405,0,0,6754781.723958335,0,0,0,1389923.8659313726
2014.0,5,E,0,0,0,0,0,0,0,0,0,0,0,0,6842883.469607843,0,0,0,415926.21924019605
2014.0,6,F/S,0,0,0,0,0,0,0,0,0,235153.34375,53478.81470588235,0,8686956.580024509,0,0,0,797647.2238357844
2014.0,7,G/S,0,0,0,0,0,0,0,0,0,170605.93443627452,0,0,7806432.340870097,0,0,94960.98253676471,1218989.685723039
2014.0,8,F/N,0,0,0,0,0,0,0,0,185321.97536764704,0,410300.98946078436,0,11236421.204350492,0,0,0,429646.82303921564
2014.0,9,G/N,0,0,0,0,0,0,0,0,0,0,0,0,8616054.132965686,0,0,0,118001.19503676471
2014.0,10,N,0,0,0,0,0,0,0,0,1880190.578125,5162680.596078431,3385939.7895220593,0,15235246.970710784,0,0,0,0
2014.0,11,R/C,0,95771.21029411766,0,234823.296875,5133849.251531863,0,0,5766274.414889706,727430.306372549,7543310.605514706,6750272.366789216,3810002.9443014706,15228939.53284314,0,0,0,2676856.9214460785
2014.0,12,S,0,0,0,0,0,0,0,0,0,1642764.78939951,2938267.211519608,344587.8193014706,24338610.496691175,0,0,0,469909.09375
2014.0,13,T,0,1380642.7882965687,0,0,7206387.48694853,0,0,2435342.0797794117,493684.46550245094,7081858.80569853,3221528.5865808823,560128.8014705883,17374847.919975493,0,0,0,3063146.544117647
2014.0,14,K/W,0,0,0,0,0,0,0,0,0,288377.02892156865,712184.9406862746,0,22120054.67279412,0,0,0,1391298.08002451
2014.0,15,R/N,0,0,0,0,0,0,0,308450.15306372545,0,1759463.8810661768,899489.2298406863,219133.29375,10833084.007536765,0,0,0,131660.68192401962
2014.0,16,M/E,0,0,0,0,0,0,0,0,0,6086828.184803922,2097427.5881740195,705280.328125,23938293.966053914,0,0,0,228680.25563725492
2014.0,17,M/W,0,0,0,0,0,0,0,0,284916.5558823529,94048.95000000001,160440.37463235293,0,16293262.004350489,0,0,0,534814.3318627451
2014.0,18,H/E,0,0,0,0,0,0,0,0,0,0,0,0,12412536.178002447,0,0,0,0
2014.0,19,K/E,0,0,0,0,0,0,0,0,0,643114.8510416667,0,621911.7340686275,22687510.509742647,0,0,0,0
2014.0,20,P/S,0,0,0,0,0,0,0,307703.96292892157,939637.1875,3178295.3193014706,9212.19056372549,4620149.475980393,15063540.253799021,0,0,0,1046458.7624387256
2014.0,21,P/N,0,64475.03982843138,0,0,338030.67800245096,0,0,2037516.5142769609,1365924.7624387254,11183934.773100492,6172093.045404412,1853062.4357843136,20166082.730085786,0,0,0,3519457.228921569
2014.0,22,R/S,0,33158.591911764706,0,234860.859375,1777515.5318014708,0,0,234848.34375,356401.8115196078,2268358.0459558824,0,0,13291384.757291667,0,0,0,109590.04583333334
2014.0,23,H/W,0,0,0,0,0,0,0,0,0,0,0,0,8698344.140931373,0,0,921.8539215686275,302346.3863970588
2014.0,24,L,0,0,0,0,0,0,0,0,0,0,0,0,15672850.33572304,0,0,0,0
2015.0,1,A,0,0,0,0,0,0,0,0,235258.359375,465909.96599264705,458535.98339460784,0,7017304.890379901,0,0,0,3016562.8251225497
2015.0,2,B,0,0,0,0,0,0,0,0,0,0,0,0,2073372.500245098,0,0,0,580135.9305759805
2015.0,3,C,0,0,0,0,0,0,0,0,0,0,0,0,1825320.1714460785,0,0,0,83012.75735294117
2015.0,4,D,0,0,0,0,0,0,0,0,0,63631.402573529405,0,0,6754781.723958335,0,0,0,1389923.8659313726
2015.0,5,E,0,0,0,0,0,0,0,0,0,0,0,0,6842883.469607843,0,0,0,415926.21924019605
2015.0,6,F/S,0,0,0,0,0,0,0,0,0,235153.34375,53478.81470588235,0,8686956.580024509,0,0,0,797647.2238357844
2015.0,7,G/S,0,0,0,0,0,0,0,0,0,170605.93443627452,0,0,7806432.340870097,0,0,94960.98253676471,1218989.685723039
2015.0,8,F/N,0,0,0,0,0,0,0,0,185321.97536764704,0,410300.98946078436,0,11236421.204350492,0,0,0,429646.82303921564
2015.0,9,G/N,0,0,0,0,0,0,0,0,0,0,0,0,8616054.132965686,0,0,0,118001.19503676471
2015.0,10,N,0,0,0,0,0,0,0,0,1410150.71875,5162686.814828431,3855973.4301470593,0,15235246.970710784,0,0,0,0
2015.0,11,R/C,0,95771.21029411766,0,35917.0237132353,4393493.712193629,0,0,4802189.887316177,2161130.068321078,8012944.668014706,6515467.882414216,4044819.9443014706,15228939.53284314,0,0,0,2676856.9214460785
2015.0,12,S,0,0,0,0,0,0,0,0,0,1232772.8202205882,2943794.819607843,749052.1803921569,24338610.496691175,0,0,0,469909.09375
2015.0,13,T,0,676047.7101715686,0,234854.59375,7441235.84632353,0,0,2597459.83560049,493684.46550245094,6861666.56807598,3450924.322242647,623699.6726102941,17374847.919975493,0,0,0,3063146.544117647
2015.0,14,K/W,0,0,0,0,0,0,0,0,0,288377.02892156865,607149.2245098039,0,22120054.67279412,0,0,105035.7161764706,1391298.08002451
2015.0,15,R/N,0,0,0,0,0,0,0,99439.27714460784,209010.87591911762,1759463.8810661768,899489.2298406863,219133.29375,10833084.007536765,0,0,0,131660.68192401962
2015.0,16,M/E,0,0,0,0,0,0,0,0,0,6086865.387928922,1862305.2131740192,940365.5,23938293.966053914,0,0,0,228680.25563725492
2015.0,17,M/W,0,0,0,0,0,0,0,0,49787.99338235294,329177.5125,160440.37463235293,0,16293262.004350489,0,0,0,534814.3318627451
2015.0,18,H/E,0,0,0,0,0,0,0,0,0,0,0,0,12412536.178002447,0,0,0,0
2015.0,19,K/E,0,0,0,0,0,0,0,0,234954.546875,234948.3125,0,795123.725735294,22687510.509742647,0,0,0,0
2015.0,20,P/S,0,0,0,0,0,0,0,0,469815.46875,2719474.1957720583,9212.19056372549,5856496.281188726,15063540.253799021,0,0,0,1046458.7624387256
2015.0,21,P/N,0,64475.03982843138,0,0,338030.67800245096,0,0,1713287.283884804,1019545.6129289215,11391119.717953432,6165707.199203432,2322871.717034314,20166082.730085786,0,0,0,3519457.228921569
2015.0,22,R/S,0,33158.591911764706,0,198925.0544117647,1578590.477389706,0,0,469709.203125,356401.8115196078,1563800.5147058822,0,704557.53125,13291384.757291667,0,0,0,109590.04583333334
2015.0,23,H/W,0,0,0,0,0,0,0,0,0,0,0,0,8698344.140931373,0,0,921.8539215686275,302346.3863970588
2015.0,24,L,0,0,0,0,0,0,0,0,0,0,0,0,15672850.33572304,0,0,0,0
2016.0,1,A,0,0,0,0,0,0,0,0,235258.359375,465909.96599264705,458535.98339460784,0,7017304.890379901,0,0,0,3016562.8251225497
2016.0,2,B,0,0,0,0,0,0,0,0,0,0,0,0,2073372.500245098,0,0,0,580135.9305759805
2016.0,3,C,0,0,0,0,0,0,0,0,0,0,0,0,1825320.1714460785,0,0,0,83012.75735294117
2016.0,4,D,0,0,0,0,0,0,0,0,0,63631.402573529405,0,0,6754781.723958335,0,0,0,1389923.8659313726
2016.0,5,E,0,0,0,0,0,0,0,0,0,0,0,0,6842883.469607843,0,0,0,415926.21924019605
2016.0,6,F/S,0,0,0,0,0,0,0,0,0,235153.34375,53478.81470588235,0,8686956.580024509,0,0,0,797647.2238357844
2016.0,7,G/S,0,0,0,0,0,0,0,0,0,170605.93443627452,0,0,7806432.340870097,0,0,94960.98253676471,1218989.685723039
2016.0,8,F/N,0,0,0,0,0,0,0,0,185321.97536764704,0,410300.98946078436,0,11236421.204350492,0,0,0,429646.82303921564
2016.0,9,G/N,0,0,0,0,0,0,0,0,0,0,0,0,8616054.132965686,0,0,0,118001.19503676471
2016.0,10,N,0,0,0,0,0,0,0,0,1410150.71875,4692709.189828431,4325951.055147059,0,15235246.970710784,0,0,0,0
2016.0,11,R/C,0,82881.01654411765,0,234823.296875,4252584.410232843,0,0,4084896.9204044114,2679554.503247549,9708079.294914214,6317521.914276961,2701393.0400735294,15228939.53284314,0,0,0,2676856.9214460785
2016.0,12,S,0,0,0,0,0,0,0,0,47902.11642156863,1589335.064889706,2943794.819607843,344587.8193014706,24338610.496691175,0,0,0,469909.09375
2016.0,13,T,0,1076708.1651348039,0,0,6736640.76819853,0,0,2832283.17935049,984659.081617647,7054158.989460784,3216063.462867647,479059.36764705885,17374847.919975493,0,0,0,3063146.544117647
2016.0,14,K/W,0,0,0,0,0,0,0,0,0,288377.02892156865,607149.2245098039,0,22120054.67279412,0,0,105035.7161764706,1391298.08002451
2016.0,15,R/N,0,0,0,0,0,0,0,87469.171875,280829.59099264705,1699615.2712622553,899489.2298406863,219133.29375,10833084.007536765,0,0,0,131660.68192401962
2016.0,16,M/E,0,0,0,0,0,0,0,0,0,6321950.559803922,1862305.2131740192,705280.328125,23938293.966053914,0,0,0,228680.25563725492
2016.0,17,M/W,0,0,0,0,0,0,0,0,49787.99338235294,329177.5125,160440.37463235293,0,16293262.004350489,0,0,0,534814.3318627451
2016.0,18,H/E,0,0,0,0,0,0,0,0,0,0,0,0,12412536.178002447,0,0,0,0
2016.0,19,K/E,0,0,0,0,0,0,0,0,469902.859375,242318.84828431372,0,552804.8774509804,22687510.509742647,0,0,0,0
2016.0,20,P/S,0,0,0,0,0,0,0,234929.59375,939637.1875,3101820.9894607845,9212.19056372549,4769398.175000001,15063540.253799021,0,0,0,1046458.7624387256
2016.0,21,P/N,0,64475.03982843138,0,0,338030.67800245096,0,0,1713287.283884804,1638498.5531862746,12198972.306127451,5695891.730453432,1365881.657352941,20166082.730085786,0,0,0,3519457.228921569
2016.0,22,R/S,0,33158.591911764706,0,0,2012363.8755514708,0,0,328792.678125,356401.8115196078,2174426.2272058823,0,0,13291384.757291667,0,0,0,109590.04583333334
2016.0,23,H/W,0,0,0,0,0,0,0,0,0,0,0,0,8698344.140931373,0,0,921.8539215686275,302346.3863970588
2016.0,24,L,0,0,0,0,0,0,0,0,0,0,0,0,15672850.33572304,0,0,0,0
2017.0,1,A,0,0,0,0,0,0,0,0,235258.359375,465909.96599264705,458535.98339460784,0,7017304.890379901,0,0,0,3016562.8251225497
2017.0,2,B,0,0,0,0,0,0,0,0,0,0,0,0,2073372.500245098,0,0,0,580135.9305759805
2017.0,3,C,0,0,0,0,0,0,0,0,0,0,0,0,1825320.1714460785,0,0,0,83012.75735294117
2017.0,4,D,0,0,0,0,0,0,0,0,0,63631.402573529405,0,0,6754781.723958335,0,0,0,1389923.8659313726
2017.0,5,E,0,0,0,0,0,0,0,0,0,0,0,0,6842883.469607843,0,0,0,415926.21924019605
2017.0,6,F/S,0,0,0,0,0,0,0,0,0,235153.34375,53478.81470588235,0,8686956.580024509,0,0,0,797647.2238357844
2017.0,7,G/S,0,0,0,0,0,0,0,0,0,170605.93443627452,0,0,7806432.340870097,0,0,94960.98253676471,1218989.685723039
2017.0,8,F/N,0,0,0,0,0,0,0,0,185321.97536764704,0,410300.98946078436,0,11236421.204350492,0,0,0,429646.82303921564
2017.0,9,G/N,0,0,0,0,0,0,0,0,0,0,0,0,8616054.132965686,0,0,0,118001.19503676471
2017.0,10,N,0,0,0,0,0,0,0,0,1410150.71875,4692696.736703431,4325963.508272059,0,15235246.970710784,0,0,0,0
2017.0,11,R/C,0,82881.01654411765,0,234823.296875,5154099.398284313,0,0,2322438.8887867643,3417119.7732843137,9596696.474693628,6317521.914276961,2936153.6338235294,15228939.53284314,0,0,0,2676856.9214460785
2017.0,12,S,0,0,0,0,0,0,0,0,47902.11642156863,1652003.2398897058,2943788.585232843,281925.8786764706,24338610.496691175,0,0,0,469909.09375
2017.0,13,T,0,910908.5695465686,0,0,7911020.04944853,0,0,1887243.987254902,1156016.9474264705,6755689.758946078,3216063.462867647,542630.2387867647,17374847.919975493,0,0,0,3063146.544117647
2017.0,14,K/W,0,0,0,0,0,0,0,0,0,288377.02892156865,607149.2245098039,0,22120054.67279412,0,0,105035.7161764706,1391298.08002451
2017.0,15,R/N,0,0,0,0,0,0,0,87469.171875,292799.6962622549,1687645.1659926472,899489.2298406863,219133.29375,10833084.007536765,0,0,0,131660.68192401962
2017.0,16,M/E,0,0,0,0,0,0,0,0,0,6086852.981678922,1862305.2131740192,940377.90625,23938293.966053914,0,0,0,228680.25563725492
2017.0,17,M/W,0,0,0,0,0,0,0,0,49787.99338235294,94048.95000000001,395568.93713235296,0,16293262.004350489,0,0,0,534814.3318627451
2017.0,18,H/E,0,0,0,0,0,0,0,0,0,0,0,0,12412536.178002447,0,0,0,0
2017.0,19,K/E,0,0,0,0,0,0,0,0,469902.859375,243240.21421568625,0,551883.5115196079,22687510.509742647,0,0,0,0
2017.0,20,P/S,0,0,0,0,0,0,0,234929.59375,939637.1875,3806566.0675857845,9212.19056372549,4064653.0968750003,15063540.253799021,0,0,0,1046458.7624387256
2017.0,21,P/N,0,64475.03982843138,0,0,338030.67800245096,0,0,1484837.1147671568,2101847.0973039214,11729163.040502451,5930796.339828432,1365887.938602941,20166082.730085786,0,0,0,3519457.228921569
2017.0,22,R/S,0,33158.591911764706,0,0,1777515.5318014708,0,0,469709.203125,356401.8115196078,2033497.1865808822,0,234860.859375,13291384.757291667,0,0,0,109590.04583333334
2017.0,23,H/W,0,0,0,0,0,0,0,0,0,0,0,0,8698344.140931373,0,0,921.8539215686275,302346.3863970588
2017.0,24,L,0,0,0,0,0,0,0,0,0,0,0,0,15672850.33572304,0,0,0,0
2018.0,1,A,0,0,0,0,0,0,0,0,235258.359375,465909.96599264705,458535.98339460784,0,7017304.890379901,0,0,0,3016562.8251225497
2018.0,2,B,0,0,0,0,0,0,0,0,0,0,0,0,2073372.500245098,0,0,0,580135.9305759805
2018.0,3,C,0,0,0,0,0,0,0,0,0,0,0,0,1825320.1714460785,0,0,0,83012.75735294117
2018.0,4,D,0,0,0,0,0,0,0,0,0,63631.402573529405,0,0,6754781.723958335,0,0,0,1389923.8659313726
2018.0,5,E,0,0,0,0,0,0,0,0,0,0,0,0,6842883.469607843,0,0,0,415926.21924019605
2018.0,6,F/S,0,0,0,0,0,0,0,0,0,235153.34375,53478.81470588235,0,8686956.580024509,0,0,0,797647.2238357844
2018.0,7,G/S,0,0,0,0,0,0,0,0,0,170605.93443627452,0,0,7806432.340870097,0,0,94960.98253676471,1218989.685723039
2018.0,8,F/N,0,0,0,0,0,0,0,0,185321.97536764704,0,410300.98946078436,0,11236421.204350492,0,0,0,429646.82303921564
2018.0,9,G/N,0,0,0,0,0,0,0,0,0,0,0,0,8616054.132965686,0,0,0,118001.19503676471
2018.0,10,N,0,0,0,0,0,0,0,0,1645142.640625,4222719.111703431,4560949.211397058,0,15235246.970710784,0,0,0,0
2018.0,11,R/C,0,82881.01654411765,0,0,3396235.2099264706,0,0,2058165.813235294,5644584.115808824,9897799.271691177,6750284.913664216,2231784.0556985294,15228939.53284314,0,0,0,2676856.9214460785
2018.0,12,S,0,0,0,0,0,0,0,0,47902.11642156863,1822446.8799019607,2943788.585232843,111482.23866421569,24338610.496691175,0,0,0,469909.09375
2018.0,13,T,0,841841.0557598039,0,234854.59375,6971507.87757353,0,0,2450973.799754902,1366012.2268382353,6584399.770710784,3450924.322242647,479059.36764705885,17374847.919975493,0,0,0,3063146.544117647
2018.0,14,K/W,0,0,0,0,0,0,0,0,234942.0625,53434.96642156863,712184.9406862746,0,22120054.67279412,0,0,0,1391298.08002451
2018.0,15,R/N,0,0,0,0,0,0,0,0,380268.8681372549,1906778.4597426474,899489.2298406863,0,10833084.007536765,0,0,0,131660.68192401962
2018.0,16,M/E,0,0,0,0,0,0,0,0,0,6321950.559803922,1862305.2131740192,705280.328125,23938293.966053914,0,0,0,228680.25563725492
2018.0,17,M/W,0,0,0,0,0,0,0,0,49787.99338235294,94048.95000000001,395568.93713235296,0,16293262.004350489,0,0,0,534814.3318627451
2018.0,18,H/E,0,0,0,0,0,0,0,0,0,0,0,0,12412536.178002447,0,0,0,0
2018.0,19,K/E,0,0,0,0,0,0,0,0,704851.171875,8291.901715686274,0,551883.5115196079,22687510.509742647,0,0,0,0
2018.0,20,P/S,0,0,0,0,0,0,0,234929.59375,1174560.53125,4041495.6613357845,9212.19056372549,3594800.1593750003,15063540.253799021,0,0,0,1046458.7624387256
2018.0,21,P/N,0,64475.03982843138,0,0,338030.67800245096,0,0,451354.30226715683,2344109.3137867646,11815769.824019609,6165644.683578432,1835653.407352941,20166082.730085786,0,0,0,3519457.228921569
2018.0,22,R/S,0,33158.591911764706,0,0,1777515.5318014708,0,0,234860.859375,443898.2631127451,1476291.547487745,0,939418.390625,13291384.757291667,0,0,0,109590.04583333334
2018.0,23,H/W,0,0,0,0,0,0,0,0,0,0,0,0,8698344.140931373,0,0,921.8539215686275,302346.3863970588
2018.0,24,L,0,0,0,0,0,0,0,0,0,0,0,0,15672850.33572304,0,0,0,0
2019.0,1,A,0,0,0,0,0,0,0,0,235258.359375,0,924445.9493872549,0,7017304.890379901,0,0,0,3016562.8251225497
2019.0,2,B,0,0,0,0,0,0,0,0,0,0,0,0,2073372.500245098,0,0,0,580135.9305759805
2019.0,3,C,0,0,0,0,0,0,0,0,0,0,0,0,1825320.1714460785,0,0,0,83012.75735294117
2019.0,4,D,0,0,0,0,0,0,0,0,0,63631.402573529405,0,0,6754781.723958335,0,0,0,1389923.8659313726
2019.0,5,E,0,0,0,0,0,0,0,0,0,0,0,0,6842883.469607843,0,0,0,415926.21924019605
2019.0,6,F/S,0,0,0,0,0,0,0,0,0,235153.34375,53478.81470588235,0,8686956.580024509,0,0,0,797647.2238357844
2019.0,7,G/S,0,0,0,0,0,0,0,0,0,170605.93443627452,0,0,7806432.340870097,0,0,94960.98253676471,1218989.685723039
2019.0,8,F/N,0,0,0,0,0,0,0,0,185321.97536764704,0,410300.98946078436,0,11236421.204350492,0,0,0,429646.82303921564
2019.0,9,G/N,0,0,0,0,0,0,0,0,0,0,0,0,8616054.132965686,0,0,0,118001.19503676471
2019.0,10,N,0,0,0,0,0,0,0,0,2115151.390625,4457686.142953431,3855973.4301470593,0,15235246.970710784,0,0,0,0
2019.0,11,R/C,0,82881.01654411765,0,0,3685407.4875,0,0,2708311.7387867644,4235663.225183823,10425373.220404413,6750284.913664216,2173812.7944852943,15228939.53284314,0,0,0,2676856.9214460785
2019.0,12,S,0,0,0,0,0,0,0,0,47902.11642156863,2276683.2595588234,2598270.4933210784,2763.950919117647,24338610.496691175,0,0,0,469909.09375
2019.0,13,T,0,1145775.6789215687,0,234854.59375,6266862.78382353,0,0,2920745.5341299013,1062046.3536764705,6981453.354656863,3450924.322242647,316910.3930759804,17374847.919975493,0,0,0,3063146.544117647
2019.0,14,K/W,0,0,0,0,0,0,0,0,234942.0625,53434.96642156863,712184.9406862746,0,22120054.67279412,0,0,0,1391298.08002451
2019.0,15,R/N,0,0,0,0,0,0,0,0,380268.8681372549,1906778.4597426474,899489.2298406863,0,10833084.007536765,0,0,0,131660.68192401962
2019.0,16,M/E,0,0,0,0,0,0,0,0,0,6557017.137928922,1862305.2131740192,470213.75,23938293.966053914,0,0,0,228680.25563725492
2019.0,17,M/W,0,0,0,0,0,0,0,0,49787.99338235294,94048.95000000001,395568.93713235296,0,16293262.004350489,0,0,0,534814.3318627451
2019.0,18,H/E,0,0,0,0,0,0,0,0,0,0,0,0,12412536.178002447,0,0,0,0
2019.0,19,K/E,0,0,0,0,0,0,0,0,704851.171875,27640.07156862745,0,532535.3416666667,22687510.509742647,0,0,0,0
2019.0,20,P/S,0,0,0,0,0,0,0,234929.59375,704732.578125,4779433.102512256,9212.19056372549,3326690.6713235294,15063540.253799021,0,0,0,1046458.7624387256
2019.0,21,P/N,0,64475.03982843138,0,0,338030.67800245096,0,0,451354.30226715683,2578995.1887867646,11943796.908946078,6165644.683578432,1472740.4474264705,20166082.730085786,0,0,0,3519457.228921569
2019.0,22,R/S,0,33158.591911764706,0,0,1777515.5318014708,0,0,234860.859375,443898.2631127451,2415709.938112745,0,0,13291384.757291667,0,0,0,109590.04583333334
2019.0,23,H/W,0,0,0,0,0,0,0,0,0,0,0,0,8698344.140931373,0,0,921.8539215686275,302346.3863970588
2019.0,24,L,0,0,0,0,0,0,0,0,0,0,0,0,15672850.33572304,0,0,0,0
2020.0,1,A,0,0,0,0,0,0,0,0,235258.359375,0,924445.9493872549,0,7017304.890379901,0,0,0,3016562.8251225497
2020.0,2,B,0,0,0,0,0,0,0,0,0,0,0,0,2073372.500245098,0,0,0,580135.9305759805
2020.0,3,C,0,0,0,0,0,0,0,0,0,0,0,0,1825320.1714460785,0,0,0,83012.75735294117
2020.0,4,D,0,0,0,0,0,0,0,0,0,63631.402573529405,0,0,6754781.723958335,0,0,0,1389923.8659313726
2020.0,5,E,0,0,0,0,0,0,0,0,0,0,0,0,6842883.469607843,0,0,0,415926.21924019605
2020.0,6,F/S,0,0,0,0,0,0,0,0,0,235153.34375,53478.81470588235,0,8686956.580024509,0,0,0,797647.2238357844
2020.0,7,G/S,0,0,0,0,0,0,0,0,0,170605.93443627452,0,0,7806432.340870097,0,0,94960.98253676471,1218989.685723039
2020.0,8,F/N,0,0,0,0,0,0,0,0,185321.97536764704,0,410300.98946078436,0,11236421.204350492,0,0,0,429646.82303921564
2020.0,9,G/N,0,0,0,0,0,0,0,0,0,0,0,0,8616054.132965686,0,0,0,118001.19503676471
2020.0,10,N,0,0,0,0,0,0,0,0,1880128.34375,4457717.267953431,4090965.3520220593,0,15235246.970710784,0,0,0,0
2020.0,11,R/C,0,243113.3838235294,0,0,5326316.564828431,0,0,4304993.172303922,2856284.39375,9965662.470588235,7223583.650735294,141780.7605392157,15228939.53284314,0,0,0,2676856.9214460785
2020.0,12,S,0,0,0,0,0,0,0,0,47902.11642156863,2276683.2595588234,2598270.4933210784,2763.950919117647,24338610.496691175,0,0,0,469909.09375
2020.0,13,T,0,1406428.6814338237,0,0,8563203.837132353,0,0,1406425.6784313726,733202.4547181372,6575252.016421569,3450924.322242647,244136.02389705885,17374847.919975493,0,0,0,3063146.544117647
2020.0,14,K/W,0,0,0,0,0,0,0,0,234942.0625,53434.96642156863,712184.9406862746,0,22120054.67279412,0,0,0,1391298.08002451
2020.0,15,R/N,0,0,0,0,0,0,0,125218.01758578431,511932.9900122549,1649896.320281863,899489.2298406863,0,10833084.007536765,0,0,0,131660.68192401962
2020.0,16,M/E,0,0,0,0,0,0,0,0,235078.953125,6620668.995465687,2033788.1525122544,0,23938293.966053914,0,0,0,228680.25563725492
2020.0,17,M/W,0,0,0,0,0,0,0,0,49787.99338235294,94048.95000000001,395568.93713235296,0,16293262.004350489,0,0,0,534814.3318627451
2020.0,18,H/E,0,0,0,0,0,0,0,0,0,0,0,0,12412536.178002447,0,0,0,0
2020.0,19,K/E,0,0,0,0,0,0,0,0,469902.859375,481867.6424019608,0,313256.0833333334,22687510.509742647,0,0,0,0
2020.0,20,P/S,0,0,0,0,0,0,0,533417.0523897059,1482264.4941789214,4833796.739583334,9212.19056372549,2196307.659558824,15063540.253799021,0,0,0,1046458.7624387256
2020.0,21,P/N,0,299392.1492034314,0,0,624500.4791053921,0,0,660438.0651960784,2809278.8254289217,11132266.894607846,6959611.294975489,529549.5403186275,20166082.730085786,0,0,0,3519457.228921569
2020.0,22,R/S,0,33158.591911764706,0,0,1777515.5318014708,0,0,1336356.0672181374,209049.91936274507,1401711.181862745,147351.89215686274,0,13291384.757291667,0,0,0,109590.04583333334
2020.0,23,H/W,0,0,0,0,0,0,0,0,0,0,0,0,8698344.140931373,0,0,921.8539215686275,302346.3863970588
2020.0,24,L,0,0,0,0,0,0,0,0,0,0,0,0,15672850.33572304,0,0,0,0
2021.0,1,A,0,0,0,0,0,0,0,0,235258.359375,0,924445.9493872549,0,7017304.890379901,0,0,0,3016562.8251225497
2021.0,2,B,0,0,0,0,0,0,0,0,0,0,0,0,2073372.500245098,0,0,0,580135.9305759805
2021.0,3,C,0,0,0,0,0,0,0,0,0,0,0,0,1825320.1714460785,0,0,0,83012.75735294117
2021.0,4,D,0,0,0,0,0,0,0,0,0,63631.402573529405,0,0,6754781.723958335,0,0,0,1389923.8659313726
2021.0,5,E,0,0,0,0,0,0,0,0,0,0,0,0,6842883.469607843,0,0,0,415926.21924019605
2021.0,6,F/S,0,0,0,0,0,0,0,0,0,235153.34375,53478.81470588235,0,8686956.580024509,0,0,0,797647.2238357844
2021.0,7,G/S,0,0,0,0,0,0,0,0,0,170605.93443627452,0,0,7806432.340870097,0,0,94960.98253676471,1218989.685723039
2021.0,8,F/N,0,0,0,0,0,0,0,0,185321.97536764704,0,410300.98946078436,0,11236421.204350492,0,0,0,429646.82303921564
2021.0,9,G/N,0,0,0,0,0,0,0,0,0,0,0,0,8616054.132965686,0,0,0,118001.19503676471
2021.0,10,N,0,123479.40710784314,0,0,0,0,0,0,1410150.71875,3517637.5335784317,5377543.304289215,0,15235246.970710784,0,0,0,0
2021.0,11,R/C,0,82881.01654411765,0,594912.3210784313,4961646.338419118,0,0,5091304.1981004905,2571722.734497549,9002561.45435049,7756706.333578432,0,15228939.53284314,0,0,0,2676856.9214460785
2021.0,12,S,0,0,0,0,0,0,0,0,0,2089637.0634803923,2833218.805821079,2763.950919117647,24338610.496691175,0,0,0,469909.09375
2021.0,13,T,469740.46875,1876256.6501838237,0,1661718.8033088236,9224614.643566176,0,0,920968.0169730391,232993.96299019607,3828385.919240196,3920758.525367647,244136.02389705885,17374847.919975493,0,0,0,3063146.544117647
2021.0,14,K/W,0,0,0,0,0,0,0,0,0,288377.02892156865,712184.9406862746,0,22120054.67279412,0,0,0,1391298.08002451
2021.0,15,R/N,0,0,0,0,0,0,0,137188.12285539217,280829.59099264705,1824840.572855392,943678.2710171569,0,10833084.007536765,0,0,0,131660.68192401962
2021.0,16,M/E,0,0,0,0,0,0,0,0,0,6855747.948590687,2033788.1525122544,0,23938293.966053914,0,0,0,228680.25563725492
2021.0,17,M/W,0,0,0,0,0,0,0,0,49787.99338235294,94048.95000000001,395568.93713235296,0,16293262.004350489,0,0,0,534814.3318627451
2021.0,18,H/E,0,0,0,0,0,0,0,0,0,0,0,0,12412536.178002447,0,0,0,0
2021.0,19,K/E,0,0,0,0,0,0,0,0,469902.859375,575844.4674019607,0,219279.25833333333,22687510.509742647,0,0,0,0
2021.0,20,P/S,0,9212.19056372549,0,217411.79044117648,72774.36917892157,0,0,0,1644444.6875,5526599.308578432,0,1584555.7900122546,15063540.253799021,0,0,0,1046458.7624387256
2021.0,21,P/N,0,524169.5989583333,0,0,1063892.171507353,0,0,764509.0474264707,3196130.3790441174,9690661.246200982,7480008.856250001,295665.9494485294,20166082.730085786,0,0,0,3519457.228921569
2021.0,22,R/S,0,33158.591911764706,0,578377.0956495098,1668847.6392769609,0,0,1110718.1983455883,209049.91936274507,1157639.847610294,147351.89215686274,0,13291384.757291667,0,0,0,109590.04583333334
2021.0,23,H/W,0,0,0,0,0,0,0,0,0,0,0,0,8698344.140931373,0,0,921.8539215686275,302346.3863970588
2021.0,24,L,0,0,0,0,0,0,0,0,0,0,0,0,15672850.33572304,0,0,0,0
2022.0,1,A,0,0,0,0,0,0,0,0,235258.359375,0,924445.9493872549,0,7017304.890379901,0,0,0,3016562.8251225497
2022.0,2,B,0,0,0,0,0,0,0,0,0,0,0,0,2073372.500245098,0,0,0,580135.9305759805
2022.0,3,C,0,0,0,0,0,0,0,0,0,0,0,0,1825320.1714460785,0,0,0,83012.75735294117
2022.0,4,D,0,0,0,0,0,0,0,0,0,63631.402573529405,0,0,6754781.723958335,0,0,0,1389923.8659313726
2022.0,5,E,0,0,0,0,0,0,0,0,0,0,0,0,6842883.469607843,0,0,0,415926.21924019605
2022.0,6,F/S,0,0,0,0,0,0,0,0,0,235153.34375,53478.81470588235,0,8686956.580024509,0,0,0,797647.2238357844
2022.0,7,G/S,0,0,0,0,0,0,0,0,0,170605.93443627452,0,0,7806432.340870097,0,0,94960.98253676471,1218989.685723039
2022.0,8,F/N,0,0,0,0,0,0,0,0,185321.97536764704,0,410300.98946078436,0,11236421.204350492,0,0,0,429646.82303921564
2022.0,9,G/N,0,0,0,0,0,0,0,0,0,0,0,0,8616054.132965686,0,0,0,118001.19503676471
2022.0,10,N,0,0,0,0,0,0,0,0,940104.625,4222706.658578431,5265999.680147058,0,15235246.970710784,0,0,0,0
2022.0,11,R/C,0,82881.01654411765,0,206292.64901960784,3150372.490870098,0,0,4158598.93302696,3191483.4136642152,11700471.900674019,7454710.898039216,116923.09473039216,15228939.53284314,0,0,0,2676856.9214460785
2022.0,12,S,0,0,0,0,0,0,0,0,0,2089637.0634803923,2833218.805821079,2763.950919117647,24338610.496691175,0,0,0,469909.09375
2022.0,13,T,234867.109375,1145794.4289215687,0,469715.453125,7996743.097242648,0,0,1835621.0645220587,734059.8294730391,6032782.09172794,3685853.915992647,244136.02389705885,17374847.919975493,0,0,0,3063146.544117647
2022.0,14,K/W,0,0,0,0,0,0,0,0,0,288377.02892156865,712184.9406862746,0,22120054.67279412,0,0,0,1391298.08002451
2022.0,15,R/N,0,0,0,0,0,0,0,11970.105269607842,159287.8869485294,2115789.3356617647,899489.2298406863,0,10833084.007536765,0,0,0,131660.68192401962
2022.0,16,M/E,0,0,0,0,0,0,0,0,0,7027230.887928922,1862305.2131740192,0,23938293.966053914,0,0,0,228680.25563725492
2022.0,17,M/W,0,0,0,0,0,0,0,0,49787.99338235294,94048.95000000001,395568.93713235296,0,16293262.004350489,0,0,0,534814.3318627451
2022.0,18,H/E,0,0,0,0,0,0,0,0,0,0,0,0,12412536.178002447,0,0,0,0
2022.0,19,K/E,0,0,0,0,0,0,0,0,704851.171875,193481.5274509804,0,366693.8857843137,22687510.509742647,0,0,0,0
2022.0,20,P/S,0,9212.19056372549,0,0,0,0,0,0,1174591.765625,5964181.361274511,0,1907012.8188112746,15063540.253799021,0,0,0,1046458.7624387256
2022.0,21,P/N,0,524169.5989583333,0,0,252376.4270833333,0,0,562796.6328431373,2682210.0542892157,12194180.80079657,6503637.785416666,295665.9494485294,20166082.730085786,0,0,0,3519457.228921569
2022.0,22,R/S,0,33158.591911764706,0,497318.8770833333,1161397.3613357844,0,0,1126381.4637254903,209049.91936274507,1730485.078737745,147351.89215686274,0,13291384.757291667,0,0,0,109590.04583333334
2022.0,23,H/W,0,0,0,0,0,0,0,0,0,0,0,0,8698344.140931373,0,0,921.8539215686275,302346.3863970588
2022.0,24,L,0,0,0,0,0,0,0,0,0,0,0,0,15672850.33572304,0,0,0,0
2023.0,1,A,0,0,0,0,0,0,0,0,235258.359375,0,924445.9493872549,0,7017304.890379901,0,0,0,3016562.8251225497
2023.0,2,B,0,0,0,0,0,0,0,0,0,0,0,0,2073372.500245098,0,0,0,580135.9305759805
2023.0,3,C,0,0,0,0,0,0,0,0,0,0,0,0,1825320.1714460785,0,0,0,83012.75735294117
2023.0,4,D,0,0,0,0,0,0,0,0,0,63631.402573529405,0,0,6754781.723958335,0,0,0,1389923.8659313726
2023.0,5,E,0,0,0,0,0,0,0,0,0,0,0,0,6842883.469607843,0,0,0,415926.21924019605
2023.0,6,F/S,0,0,0,0,0,0,0,0,0,235153.34375,53478.81470588235,0,8686956.580024509,0,0,0,797647.2238357844
2023.0,7,G/S,0,0,0,0,0,0,0,0,0,170605.93443627452,0,0,7806432.340870097,0,0,94960.98253676471,1218989.685723039
2023.0,8,F/N,0,0,0,0,0,0,0,0,185321.97536764704,0,410300.98946078436,0,11236421.204350492,0,0,0,429646.82303921564
2023.0,9,G/N,0,0,0,0,0,0,0,0,0,0,0,0,8616054.132965686,0,0,0,118001.19503676471
2023.0,10,N,0,0,0,0,0,0,0,0,1645173.765625,4222687.986703431,4560949.211397058,0,15235246.970710784,0,0,0,0
2023.0,11,R/C,0,82881.01654411765,0,170375.62530637253,1082974.8582107844,0,0,3240592.5118872547,5445728.030147059,12937163.596078431,6985095.663664216,116923.09473039216,15228939.53284314,0,0,0,2676856.9214460785
2023.0,12,S,0,0,0,0,0,0,0,0,282856.6632965686,1806780.4001838237,2833218.805821079,2763.950919117647,24338610.496691175,0,0,0,469909.09375
2023.0,13,T,0,1557476.6880514706,0,0,4915712.134068628,0,0,2588146.9186887257,3743347.219117646,5175128.395710784,4155625.634742647,244136.02389705885,17374847.919975493,0,0,0,3063146.544117647
2023.0,14,K/W,0,0,0,0,0,0,0,0,234942.0625,53434.96642156863,712184.9406862746,0,22120054.67279412,0,0,0,1391298.08002451
2023.0,15,R/N,0,0,0,0,0,0,0,0,380268.8681372549,1862589.4185661767,943678.2710171569,0,10833084.007536765,0,0,0,131660.68192401962
2023.0,16,M/E,0,0,0,0,0,0,0,0,470195.15625,6321931.950428922,2097408.9944240195,0,23938293.966053914,0,0,0,228680.25563725492
2023.0,17,M/W,0,0,0,0,0,0,0,0,49787.99338235294,94048.95000000001,395568.93713235296,0,16293262.004350489,0,0,0,534814.3318627451
2023.0,18,H/E,0,0,0,0,0,0,0,0,0,0,0,0,12412536.178002447,0,0,0,0
2023.0,19,K/E,0,0,0,0,0,0,0,0,234948.3125,193481.5274509804,0,366693.8857843137,23157413.369117647,0,0,0,0
2023.0,20,P/S,0,0,0,0,0,0,0,0,1644413.484375,5259436.298774511,9212.19056372549,2141936.1625612746,15063540.253799021,0,0,0,1046458.7624387256
2023.0,21,P/N,0,299392.1492034314,0,0,0,0,0,149219.10845588235,3501951.142095588,12275248.258210786,6493560.641421568,295665.9494485294,20166082.730085786,0,0,0,3519457.228921569
2023.0,22,R/S,0,136315.9105392157,0,64466.452818627455,612471.9766544118,0,0,80124.72904411764,1242394.0243872548,2622018.1987132356,147351.89215686274,0,13291384.757291667,0,0,0,109590.04583333334
2023.0,23,H/W,0,0,0,0,0,0,0,0,0,0,0,0,8698344.140931373,0,0,921.8539215686275,302346.3863970588
2023.0,24,L,0,0,0,0,0,0,0,0,0,0,0,0,15672850.33572304,0,0,0,0
2024.0,1,A,0,0,0,0,0,0,0,0,235258.359375,0,924445.9493872549,0,7017304.890379901,0,0,0,3016562.8251225497
2024.0,2,B,0,0,0,0,0,0,0,0,0,0,0,0,2073372.500245098,0,0,0,580135.9305759805
2024.0,3,C,0,0,0,0,0,0,0,0,0,0,0,0,1825320.1714460785,0,0,0,83012.75735294117
2024.0,4,D,0,0,0,0,0,0,0,0,0,63631.402573529405,0,0,6754781.723958335,0,0,0,1389923.8659313726
2024.0,5,E,0,0,0,0,0,0,0,0,0,0,0,0,6842883.469607843,0,0,0,415926.21924019605
2024.0,6,F/S,0,0,0,0,0,0,0,0,0,235153.34375,53478.81470588235,0,8686956.580024509,0,0,0,797647.2238357844
2024.0,7,G/S,0,0,0,0,0,0,0,0,0,170605.93443627452,0,0,7806432.340870097,0,0,94960.98253676471,1218989.685723039
2024.0,8,F/N,0,0,0,0,0,0,0,0,185321.97536764704,0,410300.98946078436,0,11236421.204350492,0,0,0,429646.82303921564
2024.0,9,G/N,0,0,0,0,0,0,0,0,0,0,0,0,8616054.132965686,0,0,0,118001.19503676471
2024.0,10,N,0,478290.3650735294,0,0,0,0,0,0,705056.703125,4222706.658578431,5022757.236948528,0,15235246.970710784,0,0,0,0
2024.0,11,R/C,0,317710.56341911765,0,0,4244288.218872549,0,0,2664115.5237745093,4814833.853492647,10566094.135845587,6985095.663664216,469596.4375,15228939.53284314,0,0,0,2676856.9214460785
2024.0,12,S,0,0,0,0,0,0,0,0,47902.11642156863,2041734.9470588237,2833218.805821079,2763.950919117647,24338610.496691175,0,0,0,469909.09375
2024.0,13,T,234873.359375,1557470.4380514708,0,0,6089966.337193628,0,0,1728778.216482843,3174252.980147058,5194470.024387255,4155625.634742647,244136.02389705885,17374847.919975493,0,0,0,3063146.544117647
2024.0,14,K/W,0,0,0,0,0,0,0,0,288377.02892156865,0,712184.9406862746,0,22120054.67279412,0,0,0,1391298.08002451
2024.0,15,R/N,0,0,0,0,0,0,0,0,834187.8337622548,1408670.4529411765,943678.2710171569,0,10833084.007536765,0,0,0,131660.68192401962
2024.0,16,M/E,0,0,0,0,0,0,0,235097.578125,470201.359375,6086828.169178922,2097408.9944240195,0,23938293.966053914,0,0,0,228680.25563725492
2024.0,17,M/W,0,0,0,0,0,0,0,0,49787.99338235294,94048.95000000001,395568.93713235296,0,16293262.004350489,0,0,0,534814.3318627451
2024.0,18,H/E,0,0,0,0,0,0,0,0,0,0,0,0,12412536.178002447,0,0,0,0
2024.0,19,K/E,0,0,0,0,0,0,0,0,234948.3125,193481.5274509804,0,366693.8857843137,23157413.369117647,0,0,0,0
2024.0,20,P/S,0,0,0,0,0,0,0,0,2584094.359375,4554678.767524511,9212.19056372549,1907012.8188112746,15063540.253799021,0,0,0,1046458.7624387256
2024.0,21,P/N,0,299392.1492034314,0,0,103157.31862745098,0,0,221976.8599877451,3238541.68002451,11892939.66574755,6728471.500796568,530558.0744485294,20166082.730085786,0,0,0,3519457.228921569
2024.0,22,R/S,0,136315.9105392157,0,0,1555558.9197916668,0,0,515749.4856004901,1157666.269240196,1392500.706985294,147351.89215686274,0,13291384.757291667,0,0,0,109590.04583333334
2024.0,23,H/W,0,0,0,0,0,0,0,0,0,0,0,0,8698344.140931373,0,0,921.8539215686275,302346.3863970588
2024.0,24,L,0,0,0,0,0,0,0,0,0,0,0,0,15672850.33572304,0,0,0,0
