gid,name,elevation_conditioned_m_mean,elevation_conditioned_m_min,elevation_conditioned_m_max,elevation_raw_m_mean,elevation_raw_m_min,elevation_raw_m_max,flow_accumulation_mean,flow_accumulation_min,flow_accumulation_max,twi_mean,twi_min,twi_max
1,A,9.72068743994803,7.669999999999977e-10,45.0,9.650979762287182,-19.0,45.0,0.013845678391350912,0.00027777778450399637,5.255277633666992,10.450286600546097,4.1537861824035645,64.39102172851562
13,T,87.30968201735111,2.1590000000000584e-09,497.0,87.29915945249125,-9.0,497.0,0.06348306684389869,0.00027777778450399637,13.811944007873535,10.360661171316579,3.37895131111145,45.41240692138672
17,M/W,6.791317829510579,4.019999999999989e-10,49.0,6.696640826873385,-20.0,49.0,0.03995259760578165,0.00027777778450399637,10.841666221618652,9.951120801033591,4.123074531555176,44.932029724121094
21,P/N,34.10584952895298,2.1200000000000626e-09,386.0,34.1469501635559,-9.0,386.0,0.06680867567827593,0.00027777778450399637,15.294722557067871,9.944403622282087,4.295476913452148,63.622581481933594
12,S,23.532177694628807,2.1180000000000628e-09,196.0,23.42182828496361,-21.0,196.0,0.07539976451374837,0.00027777778450399637,10.123055458068848,9.933440038655514,3.6820685863494873,45.27755355834961
18,H/E,6.583906714018328,4.117000000000011e-09,36.0,6.182153979865285,-26.0,36.0,0.18430684503331643,0.00027777778450399637,17.174999237060547,9.893443995799233,4.435847282409668,45.62385177612305
7,G/S,7.63929987462029,3.034999999999965e-09,49.0,7.647036070012572,-6.0,49.0,0.1080325688929383,0.00027777778450399637,33.25638961791992,9.88076588337685,4.125060081481934,63.933189392089844
11,R/C,38.752457083228684,2.6070000000000105e-09,315.0,38.7333245970384,-9.0,315.0,0.05437005822847829,0.00027777778450399637,7.428055763244629,9.512141499897037,4.11454963684082,63.97616195678711
14,K/W,8.642681989807611,2.0530000000000697e-09,43.0,8.681660139808953,-10.0,43.0,0.13499170727843757,0.00027777778450399637,29.560277938842773,9.374800991838377,4.275328159332275,46.003936767578125
9,G/N,7.619536220143185,3.975999999999968e-09,50.0,7.511697106505233,-8.0,50.0,0.11042973208960727,0.00027777778450399637,18.655277252197266,9.32984044736302,3.895554542541504,45.89177703857422
10,N,11.603912921835526,1.7650000000000804e-09,196.0,11.490970180596388,-10.0,196.0,0.043193771744682294,0.00027777778450399637,8.920000076293945,9.164206872112558,3.977274179458618,45.129703521728516
24,L,16.679339411671368,1.999999999999,192.0,16.558747634612075,-8.0,192.0,0.08291400056536355,0.00027777778450399637,12.256667137145996,9.001885142496702,3.7383975982666016,45.42776870727539
3,C,11.207414359472684,1.6220000000000662e-09,20.0,11.09854528390427,-1.0,20.0,0.013472938806112245,0.00027777778450399637,0.4699999988079071,8.910906887904739,4.8634138107299805,42.02223205566406
22,R/S,45.090615045380865,2.6050000000000108e-09,371.0,44.99701053663318,-6.0,371.0,0.04889914174490015,0.00027777778450399637,7.613611221313477,8.699612533692722,4.1583943367004395,45.11293029785156
15,R/N,25.070700031756413,2.7639999999999938e-09,262.0,25.02603737725689,-5.0,262.0,0.0924558613547276,0.00027777778450399637,8.758055686950684,8.66278409090909,4.312486171722412,45.119415283203125
20,P/S,28.69013380932713,3.6669999999998973e-09,165.0,28.700802854594112,-11.0,165.0,0.09101351680976806,0.00027777778450399637,11.958333015441895,8.615129348795717,4.369857311248779,45.4154167175293
8,F/N,6.920208089147393,5.119999999999985e-10,43.0,6.780260844079718,-19.0,43.0,0.07610201192768629,0.00027777778450399637,10.162500381469727,8.322064130275498,4.229712009429932,45.286903381347656
4,D,18.354993983312422,1.3140000000000354e-09,76.0,18.416912810414615,-2.0,76.0,0.10382001956329996,0.00027777778450399637,74.25389099121094,8.250982865660212,3.7623989582061768,46.0543098449707
5,E,9.571393188862322,5.519999999999984e-10,43.0,9.584767801857586,-1.0,43.0,0.012168936242260063,0.00027777778450399637,1.054444432258606,8.178764512383902,4.5740065574646,44.151432037353516
19,K/E,22.137003264665417,5.0,93.0,22.09343690194754,-15.0,93.0,0.046522196687727495,0.00027777778450399637,11.135833740234375,8.11968085106383,4.645076274871826,45.37880325317383
16,M/E,32.15119630242132,3.6299999999999906e-10,305.0,32.13607939097336,-11.0,305.0,0.025931499703154736,0.00027777778450399637,4.688055515289307,8.117498470636216,2.4736554622650146,44.49699020385742
2,B,8.48442789440427,6.149999999999982e-10,29.0,8.532498307379823,-24.0,29.0,0.01040162116833934,0.00027777778450399637,0.5577777624130249,8.070321756516588,4.76870584487915,41.16131591796875
23,H/W,11.594104760148362,3.737999999999895e-09,50.0,11.675562636924916,-3.0,50.0,0.0136108641557023,0.00027777778450399637,18.63361167907715,8.048580337582155,4.594971656799316,44.231441497802734
6,F/S,9.752663482740658,5.249999999999985e-10,36.0,9.801065393093314,-2.0,36.0,0.008540850715721292,0.00027777778450399637,1.690000057220459,7.901090219737325,4.88426399230957,43.49031448364258
